morph_id,morph,position,in_cells,in_forms,language_id
tedimM01,a ³,pre,3.sg.fut.aff; 3.pl.fut.aff; 3.pl.fut.aff; 3.sg.fut.neg; 3.sg.fut.neg; 3.pl.fut.neg; 3.pl.fut.neg; 3.pl.fut.neg; 3.pl.fut.neg; 3.sg.nfut.aff; 3.pl.nfut.aff; 3.pl.nfut.aff; 3.sg.nfut.neg; 3.sg.nfut.neg; 3.pl.nfut.neg; 3.pl.nfut.neg; 3.pl.nfut.neg; 3.pl.nfut.neg,tedim102; tedim106; tedim107; tedim291; tedim292; tedim296; tedim297; tedim298; tedim299; tedim474; tedim476; tedim477; tedim654; tedim655; tedim660; tedim661; tedim662; tedim663,tedim
tedimM02,a ¹,pre,3.sg.1.sg.fut.aff; 3.sg.1.pl.excl.fut.aff; 3.sg.1.pl.incl.fut.aff; 3.pl.1.sg.fut.aff; 3.pl.1.sg.fut.aff; 3.pl.1.pl.excl.fut.aff; 3.pl.1.pl.excl.fut.aff; 3.pl.1.pl.incl.fut.aff; 3.pl.1.pl.incl.fut.aff; 3.sg.2.sg.fut.aff; 3.sg.2.pl.fut.aff; 3.pl.2.sg.fut.aff; 3.pl.2.sg.fut.aff; 3.pl.2.pl.fut.aff; 3.pl.2.pl.fut.aff; 3.sg.1.sg.fut.neg; 3.sg.1.sg.fut.neg; 3.sg.1.pl.excl.fut.neg; 3.sg.1.pl.excl.fut.neg; 3.sg.1.pl.incl.fut.neg; 3.sg.1.pl.incl.fut.neg; 3.pl.1.sg.fut.neg; 3.pl.1.sg.fut.neg; 3.pl.1.sg.fut.neg; 3.pl.1.sg.fut.neg; 3.pl.1.pl.excl.fut.neg; 3.pl.1.pl.excl.fut.neg; 3.pl.1.pl.excl.fut.neg; 3.pl.1.pl.excl.fut.neg; 3.pl.1.pl.incl.fut.neg; 3.pl.1.pl.incl.fut.neg; 3.pl.1.pl.incl.fut.neg; 3.pl.1.pl.incl.fut.neg; 3.sg.2.sg.fut.neg; 3.sg.2.sg.fut.neg; 3.sg.2.pl.fut.neg; 3.sg.2.pl.fut.neg; 3.pl.2.sg.fut.neg; 3.pl.2.sg.fut.neg; 3.pl.2.sg.fut.neg; 3.pl.2.sg.fut.neg; 3.pl.2.pl.fut.neg; 3.pl.2.pl.fut.neg; 3.pl.2.pl.fut.neg; 3.pl.2.pl.fut.neg; 3.sg.1.sg.nfut.aff; 3.sg.1.pl.excl.nfut.aff; 3.sg.1.pl.incl.nfut.aff; 3.pl.1.sg.nfut.aff; 3.pl.1.sg.nfut.aff; 3.pl.1.pl.excl.nfut.aff; 3.pl.1.pl.excl.nfut.aff; 3.pl.1.pl.incl.nfut.aff; 3.pl.1.pl.incl.nfut.aff; 3.sg.2.sg.nfut.aff; 3.sg.2.pl.nfut.aff; 3.pl.2.sg.nfut.aff; 3.pl.2.sg.nfut.aff; 3.pl.2.pl.nfut.aff; 3.pl.2.pl.nfut.aff; 3.sg.1.sg.nfut.neg; 3.sg.1.sg.nfut.neg; 3.sg.1.pl.excl.nfut.neg; 3.sg.1.pl.excl.nfut.neg; 3.sg.1.pl.incl.nfut.neg; 3.sg.1.pl.incl.nfut.neg; 3.pl.1.sg.nfut.neg; 3.pl.1.sg.nfut.neg; 3.pl.1.sg.nfut.neg; 3.pl.1.sg.nfut.neg; 3.pl.1.pl.excl.nfut.neg; 3.pl.1.pl.excl.nfut.neg; 3.pl.1.pl.excl.nfut.neg; 3.pl.1.pl.excl.nfut.neg; 3.pl.1.pl.incl.nfut.neg; 3.pl.1.pl.incl.nfut.neg; 3.pl.1.pl.incl.nfut.neg; 3.pl.1.pl.incl.nfut.neg; 3.sg.2.sg.nfut.neg; 3.sg.2.sg.nfut.neg; 3.sg.2.pl.nfut.neg; 3.sg.2.pl.nfut.neg; 3.pl.2.sg.nfut.neg; 3.pl.2.sg.nfut.neg; 3.pl.2.sg.nfut.neg; 3.pl.2.sg.nfut.neg; 3.pl.2.pl.nfut.neg; 3.pl.2.pl.nfut.neg; 3.pl.2.pl.nfut.neg; 3.pl.2.pl.nfut.neg,tedim110; tedim115; tedim116; tedim120; tedim121; tedim128; tedim129; tedim130; tedim131; tedim134; tedim137; tedim141; tedim142; tedim146; tedim147; tedim302; tedim303; tedim308; tedim309; tedim310; tedim311; tedim315; tedim316; tedim317; tedim318; tedim325; tedim326; tedim327; tedim328; tedim329; tedim330; tedim331; tedim332; tedim335; tedim336; tedim339; tedim340; tedim344; tedim345; tedim346; tedim347; tedim351; tedim352; tedim353; tedim354; tedim480; tedim482; tedim483; tedim486; tedim487; tedim490; tedim491; tedim492; tedim493; tedim498; tedim500; tedim502; tedim503; tedim506; tedim507; tedim666; tedim667; tedim672; tedim673; tedim674; tedim675; tedim680; tedim681; tedim682; tedim683; tedim692; tedim693; tedim694; tedim695; tedim696; tedim697; tedim698; tedim699; tedim702; tedim703; tedim706; tedim707; tedim712; tedim713; tedim714; tedim715; tedim720; tedim721; tedim722; tedim723,tedim
tedimM03,a ⁵,pre,3.sg.3.sg.fut.aff; 3.sg.3.pl.fut.aff; 3.pl.3.sg.fut.aff; 3.pl.3.sg.fut.aff; 3.pl.3.pl.fut.aff; 3.pl.3.pl.fut.aff; 3.sg.3.sg.fut.neg; 3.sg.3.sg.fut.neg; 3.sg.3.pl.fut.neg; 3.sg.3.pl.fut.neg; 3.pl.3.sg.fut.neg; 3.pl.3.sg.fut.neg; 3.pl.3.sg.fut.neg; 3.pl.3.sg.fut.neg; 3.pl.3.pl.fut.neg; 3.pl.3.pl.fut.neg; 3.pl.3.pl.fut.neg; 3.pl.3.pl.fut.neg; 3.sg.3.sg.nfut.aff; 3.sg.3.pl.nfut.aff; 3.pl.3.sg.nfut.aff; 3.pl.3.sg.nfut.aff; 3.pl.3.pl.nfut.aff; 3.pl.3.pl.nfut.aff; 3.sg.3.sg.nfut.neg; 3.sg.3.sg.nfut.neg; 3.sg.3.pl.nfut.neg; 3.sg.3.pl.nfut.neg; 3.pl.3.sg.nfut.neg; 3.pl.3.sg.nfut.neg; 3.pl.3.sg.nfut.neg; 3.pl.3.sg.nfut.neg; 3.pl.3.pl.nfut.neg; 3.pl.3.pl.nfut.neg; 3.pl.3.pl.nfut.neg; 3.pl.3.pl.nfut.neg,tedim150; tedim153; tedim157; tedim158; tedim162; tedim163; tedim357; tedim358; tedim361; tedim362; tedim366; tedim367; tedim368; tedim369; tedim373; tedim374; tedim375; tedim376; tedim510; tedim512; tedim514; tedim515; tedim518; tedim519; tedim726; tedim727; tedim730; tedim731; tedim736; tedim737; tedim738; tedim739; tedim744; tedim745; tedim746; tedim747,tedim
tedimM04,a ⁵ m a ʔ ¹,free,3.sg,tedim006,tedim
tedimM05,a ⁵ m aa u ¹,free,3.pl,tedim007,tedim
tedimM06,d ii ŋ ⁵,post,1.sg.fut.aff; 1.sg.fut.aff; 1.pl.excl.fut.aff; 1.pl.excl.fut.aff; 1.pl.incl.fut.aff; 1.pl.incl.fut.aff; 1.pl.excl.fut.aff; 1.pl.excl.fut.aff; 1.pl.incl.fut.aff; 1.sg.2.sg.fut.aff; 1.sg.2.sg.fut.aff; 1.sg.2.pl.fut.aff; 1.sg.2.pl.fut.aff; 1.pl.excl.2.sg.fut.aff; 1.pl.excl.2.sg.fut.aff; 1.pl.excl.2.sg.fut.aff; 1.pl.excl.2.sg.fut.aff; 1.pl.excl.2.pl.fut.aff; 1.pl.excl.2.pl.fut.aff; 1.pl.excl.2.pl.fut.aff; 1.pl.excl.2.pl.fut.aff; 1.sg.3.sg.fut.aff; 1.sg.3.sg.fut.aff; 1.sg.3.pl.fut.aff; 1.sg.3.pl.fut.aff; 1.pl.excl.3.sg.fut.aff; 1.pl.excl.3.sg.fut.aff; 1.pl.incl.3.sg.fut.aff; 1.pl.incl.3.sg.fut.aff; 1.pl.excl.3.sg.fut.aff; 1.pl.excl.3.sg.fut.aff; 1.pl.incl.3.sg.fut.aff; 1.pl.excl.3.pl.fut.aff; 1.pl.excl.3.pl.fut.aff; 1.pl.incl.3.pl.fut.aff; 1.pl.incl.3.pl.fut.aff; 1.pl.excl.3.pl.fut.aff; 1.pl.excl.3.pl.fut.aff; 1.pl.incl.3.pl.fut.aff; 2.sg.fut.aff; 2.sg.fut.aff; 2.pl.fut.aff; 2.pl.fut.aff; 2.pl.fut.aff; 2.pl.fut.aff; 2.sg.1.sg.fut.aff; 2.sg.1.sg.fut.aff; 2.sg.1.pl.excl.fut.aff; 2.sg.1.pl.excl.fut.aff; 2.pl.1.sg.fut.aff; 2.pl.1.sg.fut.aff; 2.pl.1.sg.fut.aff; 2.pl.1.sg.fut.aff; 2.pl.1.pl.excl.fut.aff; 2.pl.1.pl.excl.fut.aff; 2.pl.1.pl.excl.fut.aff; 2.pl.1.pl.excl.fut.aff; 2.sg.3.sg.fut.aff; 2.sg.3.sg.fut.aff; 2.sg.3.pl.fut.aff; 2.sg.3.pl.fut.aff; 2.pl.3.sg.fut.aff; 2.pl.3.sg.fut.aff; 2.pl.3.sg.fut.aff; 2.pl.3.sg.fut.aff; 2.pl.3.pl.fut.aff; 2.pl.3.pl.fut.aff; 2.pl.3.pl.fut.aff; 2.pl.3.pl.fut.aff; 3.sg.fut.aff; 3.sg.fut.aff; 3.pl.fut.aff; 3.pl.fut.aff; 3.pl.fut.aff; 3.pl.fut.aff; 3.sg.1.sg.fut.aff; 3.sg.1.sg.fut.aff; 3.sg.1.pl.excl.fut.aff; 3.sg.1.pl.incl.fut.aff; 3.sg.1.pl.excl.fut.aff; 3.sg.1.pl.incl.fut.aff; 3.pl.1.sg.fut.aff; 3.pl.1.sg.fut.aff; 3.pl.1.sg.fut.aff; 3.pl.1.sg.fut.aff; 3.pl.1.pl.excl.fut.aff; 3.pl.1.pl.excl.fut.aff; 3.pl.1.pl.incl.fut.aff; 3.pl.1.pl.incl.fut.aff; 3.pl.1.pl.excl.fut.aff; 3.pl.1.pl.excl.fut.aff; 3.pl.1.pl.incl.fut.aff; 3.pl.1.pl.incl.fut.aff; 3.sg.2.sg.fut.aff; 3.sg.2.sg.fut.aff; 3.sg.2.pl.fut.aff; 3.sg.2.pl.fut.aff; 3.pl.2.sg.fut.aff; 3.pl.2.sg.fut.aff; 3.pl.2.sg.fut.aff; 3.pl.2.sg.fut.aff; 3.pl.2.pl.fut.aff; 3.pl.2.pl.fut.aff; 3.pl.2.pl.fut.aff; 3.pl.2.pl.fut.aff; 3.sg.3.sg.fut.aff; 3.sg.3.sg.fut.aff; 3.sg.3.pl.fut.aff; 3.sg.3.pl.fut.aff; 3.pl.3.sg.fut.aff; 3.pl.3.sg.fut.aff; 3.pl.3.sg.fut.aff; 3.pl.3.sg.fut.aff; 3.pl.3.pl.fut.aff; 3.pl.3.pl.fut.aff; 3.pl.3.pl.fut.aff; 3.pl.3.pl.fut.aff; 1.sg.fut.neg; 1.sg.fut.neg; 1.sg.fut.neg; 1.pl.excl.fut.neg; 1.pl.excl.fut.neg; 1.pl.incl.fut.neg; 1.pl.incl.fut.neg; 1.pl.excl.fut.neg; 1.pl.excl.fut.neg; 1.pl.excl.fut.neg; 1.pl.excl.fut.neg; 1.pl.incl.fut.neg; 1.pl.incl.fut.neg; 1.sg.2.sg.fut.neg; 1.sg.2.sg.fut.neg; 1.sg.2.sg.fut.neg; 1.sg.2.pl.fut.neg; 1.sg.3.pl.fut.neg; 1.sg.2.pl.fut.neg; 1.sg.2.pl.fut.neg; 1.sg.3.pl.fut.neg; 1.sg.3.pl.fut.neg; 1.pl.excl.2.sg.fut.neg; 1.pl.excl.2.sg.fut.neg; 1.pl.excl.2.sg.fut.neg; 1.pl.excl.2.sg.fut.neg; 1.pl.excl.2.sg.fut.neg; 1.pl.excl.2.sg.fut.neg; 1.pl.excl.2.pl.fut.neg; 1.pl.excl.2.pl.fut.neg; 1.pl.excl.2.pl.fut.neg; 1.pl.excl.2.pl.fut.neg; 1.pl.excl.2.pl.fut.neg; 1.pl.excl.2.pl.fut.neg; 1.sg.3.sg.fut.neg; 1.sg.3.sg.fut.neg; 1.sg.3.sg.fut.neg; 1.pl.excl.3.sg.fut.neg; 1.pl.excl.3.sg.fut.neg; 1.pl.incl.3.sg.fut.neg; 1.pl.incl.3.sg.fut.neg; 1.pl.excl.3.sg.fut.neg; 1.pl.excl.3.sg.fut.neg; 1.pl.excl.3.sg.fut.neg; 1.pl.excl.3.sg.fut.neg; 1.pl.incl.3.sg.fut.neg; 1.pl.incl.3.sg.fut.neg; 1.pl.excl.3.pl.fut.neg; 1.pl.excl.3.pl.fut.neg; 1.pl.incl.3.pl.fut.neg; 1.pl.incl.3.pl.fut.neg; 1.pl.excl.3.pl.fut.neg; 1.pl.excl.3.pl.fut.neg; 1.pl.excl.3.pl.fut.neg; 1.pl.excl.3.pl.fut.neg; 1.pl.incl.3.pl.fut.neg; 1.pl.incl.3.pl.fut.neg; 2.sg.fut.neg; 2.sg.fut.neg; 2.sg.fut.neg; 2.pl.fut.neg; 2.pl.fut.neg; 2.pl.fut.neg; 2.pl.fut.neg; 2.pl.fut.neg; 2.pl.fut.neg; 2.sg.1.sg.fut.neg; 2.sg.1.sg.fut.neg; 2.sg.1.sg.fut.neg; 2.sg.1.pl.excl.fut.neg; 2.sg.1.pl.excl.fut.neg; 2.sg.1.pl.excl.fut.neg; 2.pl.1.sg.fut.neg; 2.pl.1.sg.fut.neg; 2.pl.1.sg.fut.neg; 2.pl.1.sg.fut.neg; 2.pl.1.sg.fut.neg; 2.pl.1.sg.fut.neg; 2.pl.1.pl.excl.fut.neg; 2.pl.1.pl.excl.fut.neg; 2.pl.1.pl.excl.fut.neg; 2.pl.1.pl.excl.fut.neg; 2.pl.1.pl.excl.fut.neg; 2.pl.1.pl.excl.fut.neg; 2.sg.3.sg.fut.neg; 2.sg.3.sg.fut.neg; 2.sg.3.sg.fut.neg; 2.sg.3.pl.fut.neg; 2.sg.3.pl.fut.neg; 2.sg.3.pl.fut.neg; 2.pl.3.sg.fut.neg; 2.pl.3.sg.fut.neg; 2.pl.3.sg.fut.neg; 2.pl.3.sg.fut.neg; 2.pl.3.sg.fut.neg; 2.pl.3.sg.fut.neg; 2.pl.3.pl.fut.neg; 2.pl.3.pl.fut.neg; 2.pl.3.pl.fut.neg; 2.pl.3.pl.fut.neg; 2.pl.3.pl.fut.neg; 2.pl.3.pl.fut.neg; 3.sg.fut.neg; 3.sg.fut.neg; 3.sg.fut.neg; 3.pl.fut.neg; 3.pl.fut.neg; 3.pl.fut.neg; 3.pl.fut.neg; 3.pl.fut.neg; 3.pl.fut.neg; 3.sg.1.sg.fut.neg; 3.sg.1.sg.fut.neg; 3.sg.1.sg.fut.neg; 3.sg.1.pl.excl.fut.neg; 3.sg.1.pl.incl.fut.neg; 3.sg.1.pl.excl.fut.neg; 3.sg.1.pl.excl.fut.neg; 3.sg.1.pl.incl.fut.neg; 3.sg.1.pl.incl.fut.neg; 3.pl.1.sg.fut.neg; 3.pl.1.sg.fut.neg; 3.pl.1.sg.fut.neg; 3.pl.1.sg.fut.neg; 3.pl.1.sg.fut.neg; 3.pl.1.sg.fut.neg; 3.pl.1.pl.excl.fut.neg; 3.pl.1.pl.excl.fut.neg; 3.pl.1.pl.incl.fut.neg; 3.pl.1.pl.incl.fut.neg; 3.pl.1.pl.excl.fut.neg; 3.pl.1.pl.excl.fut.neg; 3.pl.1.pl.excl.fut.neg; 3.pl.1.pl.excl.fut.neg; 3.pl.1.pl.incl.fut.neg; 3.pl.1.pl.incl.fut.neg; 3.pl.1.pl.incl.fut.neg; 3.pl.1.pl.incl.fut.neg; 3.sg.2.sg.fut.neg; 3.sg.2.sg.fut.neg; 3.sg.2.sg.fut.neg; 3.sg.2.pl.fut.neg; 3.sg.2.pl.fut.neg; 3.sg.2.pl.fut.neg; 3.pl.2.sg.fut.neg; 3.pl.2.sg.fut.neg; 3.pl.2.sg.fut.neg; 3.pl.2.sg.fut.neg; 3.pl.2.sg.fut.neg; 3.pl.2.sg.fut.neg; 3.pl.2.pl.fut.neg; 3.pl.2.pl.fut.neg; 3.pl.2.pl.fut.neg; 3.pl.2.pl.fut.neg; 3.pl.2.pl.fut.neg; 3.pl.2.pl.fut.neg; 3.sg.3.sg.fut.neg; 3.sg.3.sg.fut.neg; 3.sg.3.sg.fut.neg; 3.sg.3.pl.fut.neg; 3.sg.3.pl.fut.neg; 3.sg.3.pl.fut.neg; 3.pl.3.sg.fut.neg; 3.pl.3.sg.fut.neg; 3.pl.3.sg.fut.neg; 3.pl.3.sg.fut.neg; 3.pl.3.sg.fut.neg; 3.pl.3.sg.fut.neg; 3.pl.3.pl.fut.neg; 3.pl.3.pl.fut.neg; 3.pl.3.pl.fut.neg; 3.pl.3.pl.fut.neg; 3.pl.3.pl.fut.neg; 3.pl.3.pl.fut.neg,tedim009; tedim010; tedim012; tedim013; tedim014; tedim015; tedim017; tedim018; tedim019; tedim021; tedim022; tedim024; tedim025; tedim027; tedim028; tedim029; tedim030; tedim032; tedim033; tedim034; tedim035; tedim037; tedim038; tedim040; tedim041; tedim043; tedim044; tedim045; tedim046; tedim048; tedim049; tedim050; tedim052; tedim053; tedim054; tedim055; tedim057; tedim058; tedim059; tedim061; tedim062; tedim064; tedim065; tedim066; tedim067; tedim069; tedim070; tedim072; tedim073; tedim075; tedim076; tedim077; tedim078; tedim080; tedim081; tedim082; tedim083; tedim085; tedim086; tedim088; tedim089; tedim091; tedim092; tedim093; tedim094; tedim096; tedim097; tedim098; tedim099; tedim101; tedim102; tedim104; tedim105; tedim106; tedim107; tedim109; tedim110; tedim113; tedim114; tedim115; tedim116; tedim118; tedim119; tedim120; tedim121; tedim124; tedim125; tedim126; tedim127; tedim128; tedim129; tedim130; tedim131; tedim133; tedim134; tedim136; tedim137; tedim139; tedim140; tedim141; tedim142; tedim144; tedim145; tedim146; tedim147; tedim149; tedim150; tedim152; tedim153; tedim155; tedim156; tedim157; tedim158; tedim160; tedim161; tedim162; tedim163; tedim165; tedim166; tedim167; tedim169; tedim170; tedim171; tedim172; tedim174; tedim175; tedim176; tedim177; tedim178; tedim179; tedim181; tedim182; tedim183; tedim186; tedim187; tedim188; tedim189; tedim190; tedim191; tedim193; tedim194; tedim195; tedim196; tedim197; tedim198; tedim200; tedim201; tedim202; tedim203; tedim204; tedim205; tedim207; tedim208; tedim209; tedim211; tedim212; tedim213; tedim214; tedim216; tedim217; tedim218; tedim219; tedim220; tedim221; tedim223; tedim224; tedim225; tedim226; tedim228; tedim229; tedim230; tedim231; tedim232; tedim233; tedim235; tedim236; tedim237; tedim239; tedim240; tedim241; tedim242; tedim243; tedim244; tedim246; tedim247; tedim248; tedim250; tedim251; tedim252; tedim254; tedim255; tedim256; tedim257; tedim258; tedim259; tedim261; tedim262; tedim263; tedim264; tedim265; tedim266; tedim268; tedim269; tedim270; tedim272; tedim273; tedim274; tedim276; tedim277; tedim278; tedim279; tedim280; tedim281; tedim283; tedim284; tedim285; tedim286; tedim287; tedim288; tedim290; tedim291; tedim292; tedim294; tedim295; tedim296; tedim297; tedim298; tedim299; tedim301; tedim302; tedim303; tedim306; tedim307; tedim308; tedim309; tedim310; tedim311; tedim313; tedim314; tedim315; tedim316; tedim317; tedim318; tedim321; tedim322; tedim323; tedim324; tedim325; tedim326; tedim327; tedim328; tedim329; tedim330; tedim331; tedim332; tedim334; tedim335; tedim336; tedim338; tedim339; tedim340; tedim342; tedim343; tedim344; tedim345; tedim346; tedim347; tedim349; tedim350; tedim351; tedim352; tedim353; tedim354; tedim356; tedim357; tedim358; tedim360; tedim361; tedim362; tedim364; tedim365; tedim366; tedim367; tedim368; tedim369; tedim371; tedim372; tedim373; tedim374; tedim375; tedim376,tedim
tedimM07,ei ⁵,free,1.pl.incl,tedim003,tedim
tedimM08,h a ŋ ¹,post,1.pl.incl.nfut.aff; 1.pl.incl.3.sg.nfut.aff; 1.pl.incl.3.pl.nfut.aff; 1.pl.incl.nfut.neg; 1.pl.incl.3.sg.nfut.neg; 1.pl.incl.3.pl.nfut.neg,tedim381; tedim412; tedim421; tedim527; tedim569; tedim581,tedim
tedimM09,h ii ¹,post,1.sg.fut.aff; 1.pl.excl.fut.aff; 1.pl.excl.fut.aff; 1.pl.incl.fut.aff; 1.sg.2.sg.fut.aff; 1.sg.2.pl.fut.aff; 1.pl.excl.2.sg.fut.aff; 1.pl.excl.2.sg.fut.aff; 1.pl.excl.2.pl.fut.aff; 1.pl.excl.2.pl.fut.aff; 1.sg.3.sg.fut.aff; 1.sg.3.pl.fut.aff; 1.pl.excl.3.sg.fut.aff; 1.pl.excl.3.sg.fut.aff; 1.pl.incl.3.sg.fut.aff; 1.pl.excl.3.pl.fut.aff; 1.pl.excl.3.pl.fut.aff; 1.pl.incl.3.pl.fut.aff; 2.sg.fut.aff; 2.pl.fut.aff; 2.pl.fut.aff; 2.sg.1.sg.fut.aff; 2.sg.1.pl.excl.fut.aff; 2.pl.1.sg.fut.aff; 2.pl.1.sg.fut.aff; 2.pl.1.pl.excl.fut.aff; 2.pl.1.pl.excl.fut.aff; 2.sg.3.sg.fut.aff; 2.sg.3.pl.fut.aff; 2.pl.3.sg.fut.aff; 2.pl.3.sg.fut.aff; 2.pl.3.pl.fut.aff; 2.pl.3.pl.fut.aff; 3.sg.fut.aff; 3.pl.fut.aff; 3.pl.fut.aff; 3.sg.1.sg.fut.aff; 3.sg.1.pl.excl.fut.aff; 3.sg.1.pl.incl.fut.aff; 3.pl.1.sg.fut.aff; 3.pl.1.sg.fut.aff; 3.pl.1.pl.excl.fut.aff; 3.pl.1.pl.excl.fut.aff; 3.pl.1.pl.incl.fut.aff; 3.pl.1.pl.incl.fut.aff; 3.sg.2.sg.fut.aff; 3.sg.2.pl.fut.aff; 3.pl.2.sg.fut.aff; 3.pl.2.sg.fut.aff; 3.pl.2.pl.fut.aff; 3.pl.2.pl.fut.aff; 3.sg.3.sg.fut.aff; 3.sg.3.pl.fut.aff; 3.pl.3.sg.fut.aff; 3.pl.3.sg.fut.aff; 3.pl.3.pl.fut.aff; 3.pl.3.pl.fut.aff; 1.sg.fut.neg; 1.sg.fut.neg; 1.pl.excl.fut.neg; 1.pl.excl.fut.neg; 1.pl.excl.fut.neg; 1.pl.excl.fut.neg; 1.pl.incl.fut.neg; 1.pl.incl.fut.neg; 1.sg.2.sg.fut.neg; 1.sg.2.sg.fut.neg; 1.sg.2.pl.fut.neg; 1.sg.2.pl.fut.neg; 1.sg.3.pl.fut.neg; 1.sg.3.pl.fut.neg; 1.pl.excl.2.sg.fut.neg; 1.pl.excl.2.sg.fut.neg; 1.pl.excl.2.sg.fut.neg; 1.pl.excl.2.sg.fut.neg; 1.pl.excl.2.pl.fut.neg; 1.pl.excl.2.pl.fut.neg; 1.pl.excl.2.pl.fut.neg; 1.pl.excl.2.pl.fut.neg; 1.sg.3.sg.fut.neg; 1.sg.3.sg.fut.neg; 1.pl.excl.3.sg.fut.neg; 1.pl.excl.3.sg.fut.neg; 1.pl.excl.3.sg.fut.neg; 1.pl.excl.3.sg.fut.neg; 1.pl.incl.3.sg.fut.neg; 1.pl.incl.3.sg.fut.neg; 1.pl.excl.3.pl.fut.neg; 1.pl.excl.3.pl.fut.neg; 1.pl.excl.3.pl.fut.neg; 1.pl.excl.3.pl.fut.neg; 1.pl.incl.3.pl.fut.neg; 1.pl.incl.3.pl.fut.neg; 2.sg.fut.neg; 2.sg.fut.neg; 2.pl.fut.neg; 2.pl.fut.neg; 2.pl.fut.neg; 2.pl.fut.neg; 2.sg.1.sg.fut.neg; 2.sg.1.sg.fut.neg; 2.sg.1.pl.excl.fut.neg; 2.sg.1.pl.excl.fut.neg; 2.pl.1.sg.fut.neg; 2.pl.1.sg.fut.neg; 2.pl.1.sg.fut.neg; 2.pl.1.sg.fut.neg; 2.pl.1.pl.excl.fut.neg; 2.pl.1.pl.excl.fut.neg; 2.pl.1.pl.excl.fut.neg; 2.pl.1.pl.excl.fut.neg; 2.sg.3.sg.fut.neg; 2.sg.3.sg.fut.neg; 2.sg.3.pl.fut.neg; 2.sg.3.pl.fut.neg; 2.pl.3.sg.fut.neg; 2.pl.3.sg.fut.neg; 2.pl.3.sg.fut.neg; 2.pl.3.sg.fut.neg; 2.pl.3.pl.fut.neg; 2.pl.3.pl.fut.neg; 2.pl.3.pl.fut.neg; 2.pl.3.pl.fut.neg; 3.sg.fut.neg; 3.sg.fut.neg; 3.pl.fut.neg; 3.pl.fut.neg; 3.pl.fut.neg; 3.pl.fut.neg; 3.sg.1.sg.fut.neg; 3.sg.1.sg.fut.neg; 3.sg.1.pl.excl.fut.neg; 3.sg.1.pl.excl.fut.neg; 3.sg.1.pl.incl.fut.neg; 3.sg.1.pl.incl.fut.neg; 3.pl.1.sg.fut.neg; 3.pl.1.sg.fut.neg; 3.pl.1.sg.fut.neg; 3.pl.1.sg.fut.neg; 3.pl.1.pl.excl.fut.neg; 3.pl.1.pl.excl.fut.neg; 3.pl.1.pl.excl.fut.neg; 3.pl.1.pl.excl.fut.neg; 3.pl.1.pl.incl.fut.neg; 3.pl.1.pl.incl.fut.neg; 3.pl.1.pl.incl.fut.neg; 3.pl.1.pl.incl.fut.neg; 3.sg.2.sg.fut.neg; 3.sg.2.sg.fut.neg; 3.sg.2.pl.fut.neg; 3.sg.2.pl.fut.neg; 3.pl.2.sg.fut.neg; 3.pl.2.sg.fut.neg; 3.pl.2.sg.fut.neg; 3.pl.2.sg.fut.neg; 3.pl.2.pl.fut.neg; 3.pl.2.pl.fut.neg; 3.pl.2.pl.fut.neg; 3.pl.2.pl.fut.neg; 3.sg.3.sg.fut.neg; 3.sg.3.sg.fut.neg; 3.sg.3.pl.fut.neg; 3.sg.3.pl.fut.neg; 3.pl.3.sg.fut.neg; 3.pl.3.sg.fut.neg; 3.pl.3.sg.fut.neg; 3.pl.3.sg.fut.neg; 3.pl.3.pl.fut.neg; 3.pl.3.pl.fut.neg; 3.pl.3.pl.fut.neg; 3.pl.3.pl.fut.neg; 1.sg.nfut.aff; 1.pl.excl.nfut.aff; 1.pl.excl.nfut.aff; 1.pl.incl.nfut.aff; 1.sg.2.sg.nfut.aff; 1.sg.2.pl.nfut.aff; 1.pl.excl.2.sg.nfut.aff; 1.pl.excl.2.sg.nfut.aff; 1.pl.excl.2.pl.nfut.aff; 1.pl.excl.2.pl.nfut.aff; 1.sg.3.sg.nfut.aff; 1.sg.3.pl.nfut.aff; 1.pl.excl.3.sg.nfut.aff; 1.pl.excl.3.sg.nfut.aff; 1.pl.incl.3.sg.nfut.aff; 1.pl.excl.3.pl.nfut.aff; 1.pl.excl.3.pl.nfut.aff; 1.pl.incl.3.pl.nfut.aff; 2.sg.nfut.aff; 2.pl.nfut.aff; 2.pl.nfut.aff; 2.sg.1.sg.nfut.aff; 2.sg.1.pl.excl.nfut.aff; 2.pl.1.sg.nfut.aff; 2.pl.1.sg.nfut.aff; 2.pl.1.pl.excl.nfut.aff; 2.pl.1.pl.excl.nfut.aff; 2.sg.3.sg.nfut.aff; 2.sg.3.pl.nfut.aff; 2.pl.3.sg.nfut.aff; 2.pl.3.sg.nfut.aff; 2.pl.3.pl.nfut.aff; 2.pl.3.pl.nfut.aff; 3.sg.nfut.aff; 3.pl.nfut.aff; 3.pl.nfut.aff; 3.sg.1.sg.nfut.aff; 3.sg.1.pl.excl.nfut.aff; 3.sg.1.pl.incl.nfut.aff; 3.pl.1.sg.nfut.aff; 3.pl.1.sg.nfut.aff; 3.pl.1.pl.excl.nfut.aff; 3.pl.1.pl.excl.nfut.aff; 3.pl.1.pl.incl.nfut.aff; 3.pl.1.pl.incl.nfut.aff; 3.sg.2.sg.nfut.aff; 3.sg.2.pl.nfut.aff; 3.pl.2.sg.nfut.aff; 3.pl.2.sg.nfut.aff; 3.pl.2.pl.nfut.aff; 3.pl.2.pl.nfut.aff; 3.sg.3.sg.nfut.aff; 3.sg.3.pl.nfut.aff; 3.pl.3.sg.nfut.aff; 3.pl.3.sg.nfut.aff; 3.pl.3.pl.nfut.aff; 3.pl.3.pl.nfut.aff; 1.sg.nfut.neg; 1.sg.nfut.neg; 1.pl.excl.nfut.neg; 1.pl.excl.nfut.neg; 1.pl.excl.nfut.neg; 1.pl.excl.nfut.neg; 1.pl.incl.nfut.neg; 1.pl.incl.nfut.neg; 1.sg.2.sg.nfut.neg; 1.sg.2.sg.nfut.neg; 1.sg.2.pl.nfut.neg; 1.sg.2.pl.nfut.neg; 1.pl.excl.2.sg.nfut.neg; 1.pl.excl.2.sg.nfut.neg; 1.pl.excl.2.sg.nfut.neg; 1.pl.excl.2.sg.nfut.neg; 1.pl.excl.2.pl.nfut.neg; 1.pl.excl.2.pl.nfut.neg; 1.pl.excl.2.pl.nfut.neg; 1.pl.excl.2.pl.nfut.neg; 1.sg.3.sg.nfut.neg; 1.sg.3.sg.nfut.neg; 1.sg.3.pl.nfut.neg; 1.sg.3.pl.nfut.neg; 1.pl.excl.3.sg.nfut.neg; 1.pl.excl.3.sg.nfut.neg; 1.pl.excl.3.sg.nfut.neg; 1.pl.excl.3.sg.nfut.neg; 1.pl.incl.3.sg.nfut.neg; 1.pl.incl.3.sg.nfut.neg; 1.pl.excl.3.pl.nfut.neg; 1.pl.excl.3.pl.nfut.neg; 1.pl.excl.3.pl.nfut.neg; 1.pl.excl.3.pl.nfut.neg; 1.pl.incl.3.pl.nfut.neg; 1.pl.incl.3.pl.nfut.neg; 2.sg.nfut.neg; 2.sg.nfut.neg; 2.pl.nfut.neg; 2.pl.nfut.neg; 2.pl.nfut.neg; 2.pl.nfut.neg; 2.sg.1.sg.nfut.neg; 2.sg.1.sg.nfut.neg; 2.sg.1.pl.excl.nfut.neg; 2.sg.1.pl.excl.nfut.neg; 2.pl.1.sg.nfut.neg; 2.pl.1.sg.nfut.neg; 2.pl.1.sg.nfut.neg; 2.pl.1.sg.nfut.neg; 2.pl.1.pl.excl.nfut.neg; 2.pl.1.pl.excl.nfut.neg; 2.pl.1.pl.excl.nfut.neg; 2.pl.1.pl.excl.nfut.neg; 2.sg.3.sg.nfut.neg; 2.sg.3.sg.nfut.neg; 2.sg.3.pl.nfut.neg; 2.sg.3.pl.nfut.neg; 2.pl.3.sg.nfut.neg; 2.pl.3.sg.nfut.neg; 2.pl.3.sg.nfut.neg; 2.pl.3.sg.nfut.neg; 2.pl.3.pl.nfut.neg; 2.pl.3.pl.nfut.neg; 2.pl.3.pl.nfut.neg; 2.pl.3.pl.nfut.neg; 3.sg.nfut.neg; 3.sg.nfut.neg; 3.pl.nfut.neg; 3.pl.nfut.neg; 3.pl.nfut.neg; 3.pl.nfut.neg; 3.sg.1.sg.nfut.neg; 3.sg.1.sg.nfut.neg; 3.sg.1.pl.excl.nfut.neg; 3.sg.1.pl.excl.nfut.neg; 3.sg.1.pl.incl.nfut.neg; 3.sg.1.pl.incl.nfut.neg; 3.pl.1.sg.nfut.neg; 3.pl.1.sg.nfut.neg; 3.pl.1.sg.nfut.neg; 3.pl.1.sg.nfut.neg; 3.pl.1.pl.excl.nfut.neg; 3.pl.1.pl.excl.nfut.neg; 3.pl.1.pl.excl.nfut.neg; 3.pl.1.pl.excl.nfut.neg; 3.pl.1.pl.incl.nfut.neg; 3.pl.1.pl.incl.nfut.neg; 3.pl.1.pl.incl.nfut.neg; 3.pl.1.pl.incl.nfut.neg; 3.sg.2.sg.nfut.neg; 3.sg.2.sg.nfut.neg; 3.sg.2.pl.nfut.neg; 3.sg.2.pl.nfut.neg; 3.pl.2.sg.nfut.neg; 3.pl.2.sg.nfut.neg; 3.pl.2.sg.nfut.neg; 3.pl.2.sg.nfut.neg; 3.pl.2.pl.nfut.neg; 3.pl.2.pl.nfut.neg; 3.pl.2.pl.nfut.neg; 3.pl.2.pl.nfut.neg; 3.sg.3.sg.nfut.neg; 3.sg.3.sg.nfut.neg; 3.sg.3.pl.nfut.neg; 3.sg.3.pl.nfut.neg; 3.pl.3.sg.nfut.neg; 3.pl.3.sg.nfut.neg; 3.pl.3.sg.nfut.neg; 3.pl.3.sg.nfut.neg; 3.pl.3.pl.nfut.neg; 3.pl.3.pl.nfut.neg; 3.pl.3.pl.nfut.neg; 3.pl.3.pl.nfut.neg,tedim010; tedim017; tedim018; tedim019; tedim022; tedim025; tedim029; tedim030; tedim034; tedim035; tedim038; tedim041; tedim048; tedim049; tedim050; tedim057; tedim058; tedim059; tedim062; tedim066; tedim067; tedim070; tedim073; tedim077; tedim078; tedim082; tedim083; tedim086; tedim089; tedim093; tedim094; tedim098; tedim099; tedim102; tedim106; tedim107; tedim110; tedim115; tedim116; tedim120; tedim121; tedim128; tedim129; tedim130; tedim131; tedim134; tedim137; tedim141; tedim142; tedim146; tedim147; tedim150; tedim153; tedim157; tedim158; tedim162; tedim163; tedim166; tedim167; tedim174; tedim175; tedim176; tedim177; tedim178; tedim179; tedim182; tedim183; tedim188; tedim189; tedim190; tedim191; tedim195; tedim196; tedim197; tedim198; tedim202; tedim203; tedim204; tedim205; tedim208; tedim209; tedim216; tedim217; tedim218; tedim219; tedim220; tedim221; tedim228; tedim229; tedim230; tedim231; tedim232; tedim233; tedim236; tedim237; tedim241; tedim242; tedim243; tedim244; tedim247; tedim248; tedim251; tedim252; tedim256; tedim257; tedim258; tedim259; tedim263; tedim264; tedim265; tedim266; tedim269; tedim270; tedim273; tedim274; tedim278; tedim279; tedim280; tedim281; tedim285; tedim286; tedim287; tedim288; tedim291; tedim292; tedim296; tedim297; tedim298; tedim299; tedim302; tedim303; tedim308; tedim309; tedim310; tedim311; tedim315; tedim316; tedim317; tedim318; tedim325; tedim326; tedim327; tedim328; tedim329; tedim330; tedim331; tedim332; tedim335; tedim336; tedim339; tedim340; tedim344; tedim345; tedim346; tedim347; tedim351; tedim352; tedim353; tedim354; tedim357; tedim358; tedim361; tedim362; tedim366; tedim367; tedim368; tedim369; tedim373; tedim374; tedim375; tedim376; tedim379; tedim386; tedim387; tedim388; tedim391; tedim394; tedim398; tedim399; tedim403; tedim404; tedim407; tedim410; tedim417; tedim418; tedim419; tedim426; tedim427; tedim428; tedim431; tedim436; tedim437; tedim440; tedim443; tedim448; tedim449; tedim454; tedim455; tedim458; tedim461; tedim466; tedim467; tedim472; tedim473; tedim474; tedim476; tedim477; tedim480; tedim482; tedim483; tedim486; tedim487; tedim490; tedim491; tedim492; tedim493; tedim498; tedim500; tedim502; tedim503; tedim506; tedim507; tedim510; tedim512; tedim514; tedim515; tedim518; tedim519; tedim524; tedim525; tedim532; tedim533; tedim534; tedim535; tedim536; tedim537; tedim540; tedim541; tedim544; tedim545; tedim549; tedim550; tedim551; tedim552; tedim556; tedim557; tedim558; tedim559; tedim562; tedim563; tedim566; tedim567; tedim574; tedim575; tedim576; tedim577; tedim578; tedim579; tedim586; tedim587; tedim588; tedim589; tedim590; tedim591; tedim594; tedim595; tedim600; tedim601; tedim602; tedim603; tedim606; tedim607; tedim610; tedim611; tedim616; tedim617; tedim618; tedim619; tedim624; tedim625; tedim626; tedim627; tedim630; tedim631; tedim634; tedim635; tedim640; tedim641; tedim642; tedim643; tedim648; tedim649; tedim650; tedim651; tedim654; tedim655; tedim660; tedim661; tedim662; tedim663; tedim666; tedim667; tedim672; tedim673; tedim674; tedim675; tedim680; tedim681; tedim682; tedim683; tedim692; tedim693; tedim694; tedim695; tedim696; tedim697; tedim698; tedim699; tedim702; tedim703; tedim706; tedim707; tedim712; tedim713; tedim714; tedim715; tedim720; tedim721; tedim722; tedim723; tedim726; tedim727; tedim730; tedim731; tedim736; tedim737; tedim738; tedim739; tedim744; tedim745; tedim746; tedim747,tedim
tedimM10,h o ŋ ⁵,pre,1.sg.2.sg.fut.aff; 1.sg.2.sg.fut.aff; 1.sg.2.pl.fut.aff; 1.sg.2.pl.fut.aff; 1.pl.excl.2.sg.fut.aff; 1.pl.excl.2.sg.fut.aff; 1.pl.excl.2.sg.fut.aff; 1.pl.excl.2.pl.fut.aff; 1.pl.excl.2.pl.fut.aff; 1.pl.excl.2.pl.fut.aff; 2.sg.1.sg.fut.aff; 2.sg.1.sg.fut.aff; 2.sg.1.pl.excl.fut.aff; 2.sg.1.pl.excl.fut.aff; 2.pl.1.sg.fut.aff; 2.pl.1.sg.fut.aff; 2.pl.1.sg.fut.aff; 2.pl.1.pl.excl.fut.aff; 2.pl.1.pl.excl.fut.aff; 2.pl.1.pl.excl.fut.aff; 3.sg.1.sg.fut.aff; 3.sg.1.sg.fut.aff; 3.sg.1.sg.fut.aff; 3.sg.1.pl.excl.fut.aff; 3.sg.1.pl.incl.fut.aff; 3.sg.1.pl.excl.fut.aff; 3.sg.1.pl.incl.fut.aff; 3.sg.1.pl.excl.fut.aff; 3.sg.1.pl.incl.fut.aff; 3.pl.1.sg.fut.aff; 3.pl.1.sg.fut.aff; 3.pl.1.sg.fut.aff; 3.pl.1.sg.fut.aff; 3.pl.1.sg.fut.aff; 3.pl.1.pl.excl.fut.aff; 3.pl.1.pl.incl.fut.aff; 3.pl.1.pl.excl.fut.aff; 3.pl.1.pl.excl.fut.aff; 3.pl.1.pl.incl.fut.aff; 3.pl.1.pl.incl.fut.aff; 3.pl.1.pl.excl.fut.aff; 3.pl.1.pl.excl.fut.aff; 3.pl.1.pl.incl.fut.aff; 3.pl.1.pl.incl.fut.aff; 3.sg.2.sg.fut.aff; 3.sg.2.sg.fut.aff; 3.sg.2.sg.fut.aff; 3.sg.2.pl.fut.aff; 3.sg.2.pl.fut.aff; 3.sg.2.pl.fut.aff; 3.pl.2.sg.fut.aff; 3.pl.2.sg.fut.aff; 3.pl.2.sg.fut.aff; 3.pl.2.sg.fut.aff; 3.pl.2.sg.fut.aff; 3.pl.2.pl.fut.aff; 3.pl.2.pl.fut.aff; 3.pl.2.pl.fut.aff; 3.pl.2.pl.fut.aff; 3.pl.2.pl.fut.aff; 1.sg.2.sg.fut.neg; 1.sg.2.sg.fut.neg; 1.sg.2.pl.fut.neg; 1.sg.2.pl.fut.neg; 1.pl.excl.2.sg.fut.neg; 1.pl.excl.2.sg.fut.neg; 1.pl.excl.2.sg.fut.neg; 1.pl.excl.2.pl.fut.neg; 1.pl.excl.2.pl.fut.neg; 1.pl.excl.2.pl.fut.neg; 2.sg.1.sg.fut.neg; 2.sg.1.sg.fut.neg; 2.sg.1.pl.excl.fut.neg; 2.sg.1.pl.excl.fut.neg; 2.pl.1.sg.fut.neg; 2.pl.1.sg.fut.neg; 2.pl.1.sg.fut.neg; 2.pl.1.pl.excl.fut.neg; 2.pl.1.pl.excl.fut.neg; 2.pl.1.pl.excl.fut.neg; 3.sg.1.sg.fut.neg; 3.sg.1.sg.fut.neg; 3.sg.1.sg.fut.neg; 3.sg.1.sg.fut.neg; 3.sg.1.pl.excl.fut.neg; 3.sg.1.pl.incl.fut.neg; 3.sg.1.pl.excl.fut.neg; 3.sg.1.pl.incl.fut.neg; 3.sg.1.pl.excl.fut.neg; 3.sg.1.pl.excl.fut.neg; 3.sg.1.pl.incl.fut.neg; 3.sg.1.pl.incl.fut.neg; 3.pl.1.sg.fut.neg; 3.pl.1.sg.fut.neg; 3.pl.1.sg.fut.neg; 3.pl.1.sg.fut.neg; 3.pl.1.sg.fut.neg; 3.pl.1.sg.fut.neg; 3.pl.1.sg.fut.neg; 3.pl.1.pl.excl.fut.neg; 3.pl.1.pl.incl.fut.neg; 3.pl.1.pl.excl.fut.neg; 3.pl.1.pl.excl.fut.neg; 3.pl.1.pl.incl.fut.neg; 3.pl.1.pl.incl.fut.neg; 3.pl.1.pl.excl.fut.neg; 3.pl.1.pl.excl.fut.neg; 3.pl.1.pl.excl.fut.neg; 3.pl.1.pl.excl.fut.neg; 3.pl.1.pl.incl.fut.neg; 3.pl.1.pl.incl.fut.neg; 3.pl.1.pl.incl.fut.neg; 3.pl.1.pl.incl.fut.neg; 3.sg.2.sg.fut.neg; 3.sg.2.sg.fut.neg; 3.sg.2.sg.fut.neg; 3.sg.2.sg.fut.neg; 3.sg.2.pl.fut.neg; 3.sg.2.pl.fut.neg; 3.sg.2.pl.fut.neg; 3.sg.2.pl.fut.neg; 3.pl.2.sg.fut.neg; 3.pl.2.sg.fut.neg; 3.pl.2.sg.fut.neg; 3.pl.2.sg.fut.neg; 3.pl.2.sg.fut.neg; 3.pl.2.sg.fut.neg; 3.pl.2.sg.fut.neg; 3.pl.2.pl.fut.neg; 3.pl.2.pl.fut.neg; 3.pl.2.pl.fut.neg; 3.pl.2.pl.fut.neg; 3.pl.2.pl.fut.neg; 3.pl.2.pl.fut.neg; 3.pl.2.pl.fut.neg; 1.sg.2.sg.nfut.aff; 1.sg.2.sg.nfut.aff; 1.sg.2.pl.nfut.aff; 1.sg.2.pl.nfut.aff; 1.pl.excl.2.sg.nfut.aff; 1.pl.excl.2.sg.nfut.aff; 1.pl.excl.2.sg.nfut.aff; 1.pl.excl.2.pl.nfut.aff; 1.pl.excl.2.pl.nfut.aff; 1.pl.excl.2.pl.nfut.aff; 2.sg.1.sg.nfut.aff; 2.sg.1.sg.nfut.aff; 2.sg.1.pl.excl.nfut.aff; 2.sg.1.pl.excl.nfut.aff; 2.pl.1.sg.nfut.aff; 2.pl.1.sg.nfut.aff; 2.pl.1.sg.nfut.aff; 2.pl.1.sg.nfut.aff; 2.pl.1.pl.excl.nfut.aff; 2.pl.1.pl.excl.nfut.aff; 2.pl.1.pl.excl.nfut.aff; 2.pl.1.pl.excl.nfut.aff; 3.sg.1.sg.nfut.aff; 3.sg.1.sg.nfut.aff; 3.sg.1.pl.excl.nfut.aff; 3.sg.1.pl.incl.nfut.aff; 3.sg.1.pl.excl.nfut.aff; 3.sg.1.pl.incl.nfut.aff; 3.pl.1.sg.nfut.aff; 3.pl.1.sg.nfut.aff; 3.pl.1.sg.nfut.aff; 3.pl.1.sg.nfut.aff; 3.pl.1.pl.excl.nfut.aff; 3.pl.1.pl.excl.nfut.aff; 3.pl.1.pl.incl.nfut.aff; 3.pl.1.pl.incl.nfut.aff; 3.pl.1.pl.excl.nfut.aff; 3.pl.1.pl.excl.nfut.aff; 3.pl.1.pl.incl.nfut.aff; 3.pl.1.pl.incl.nfut.aff; 3.sg.2.sg.nfut.aff; 3.sg.2.sg.nfut.aff; 3.sg.2.pl.nfut.aff; 3.sg.2.pl.nfut.aff; 3.pl.2.sg.nfut.aff; 3.pl.2.sg.nfut.aff; 3.pl.2.sg.nfut.aff; 3.pl.2.sg.nfut.aff; 3.pl.2.pl.nfut.aff; 3.pl.2.pl.nfut.aff; 3.pl.2.pl.nfut.aff; 3.pl.2.pl.nfut.aff; 1.sg.2.sg.nfut.neg; 1.sg.2.sg.nfut.neg; 1.sg.2.pl.nfut.neg; 1.sg.2.pl.nfut.neg; 1.pl.excl.2.sg.nfut.neg; 1.pl.excl.2.sg.nfut.neg; 1.pl.excl.2.sg.nfut.neg; 1.pl.excl.2.pl.nfut.neg; 1.pl.excl.2.pl.nfut.neg; 1.pl.excl.2.pl.nfut.neg; 2.sg.1.sg.nfut.neg; 2.sg.1.sg.nfut.neg; 2.sg.1.pl.excl.nfut.neg; 2.sg.1.pl.excl.nfut.neg; 2.pl.1.sg.nfut.neg; 2.pl.1.sg.nfut.neg; 2.pl.1.sg.nfut.neg; 2.pl.1.sg.nfut.neg; 2.pl.1.pl.excl.nfut.neg; 2.pl.1.pl.excl.nfut.neg; 2.pl.1.pl.excl.nfut.neg; 2.pl.1.pl.excl.nfut.neg; 3.sg.1.sg.nfut.neg; 3.sg.1.sg.nfut.neg; 3.sg.1.sg.nfut.neg; 3.sg.1.sg.nfut.neg; 3.sg.1.pl.excl.nfut.neg; 3.sg.1.pl.incl.nfut.neg; 3.sg.1.pl.excl.nfut.neg; 3.sg.1.pl.incl.nfut.neg; 3.sg.1.pl.excl.nfut.neg; 3.sg.1.pl.excl.nfut.neg; 3.sg.1.pl.incl.nfut.neg; 3.sg.1.pl.incl.nfut.neg; 3.pl.1.sg.nfut.neg; 3.pl.1.sg.nfut.neg; 3.pl.1.sg.nfut.neg; 3.pl.1.sg.nfut.neg; 3.pl.1.sg.nfut.neg; 3.pl.1.sg.nfut.neg; 3.pl.1.sg.nfut.neg; 3.pl.1.sg.nfut.neg; 3.pl.1.pl.excl.nfut.neg; 3.pl.1.pl.excl.nfut.neg; 3.pl.1.pl.incl.nfut.neg; 3.pl.1.pl.incl.nfut.neg; 3.pl.1.pl.excl.nfut.neg; 3.pl.1.pl.excl.nfut.neg; 3.pl.1.pl.incl.nfut.neg; 3.pl.1.pl.incl.nfut.neg; 3.pl.1.pl.excl.nfut.neg; 3.pl.1.pl.excl.nfut.neg; 3.pl.1.pl.excl.nfut.neg; 3.pl.1.pl.excl.nfut.neg; 3.pl.1.pl.incl.nfut.neg; 3.pl.1.pl.incl.nfut.neg; 3.pl.1.pl.incl.nfut.neg; 3.pl.1.pl.incl.nfut.neg; 3.sg.2.sg.nfut.neg; 3.sg.2.sg.nfut.neg; 3.sg.2.sg.nfut.neg; 3.sg.2.sg.nfut.neg; 3.sg.2.pl.nfut.neg; 3.sg.2.pl.nfut.neg; 3.sg.2.pl.nfut.neg; 3.sg.2.pl.nfut.neg; 3.pl.2.sg.nfut.neg; 3.pl.2.sg.nfut.neg; 3.pl.2.sg.nfut.neg; 3.pl.2.sg.nfut.neg; 3.pl.2.sg.nfut.neg; 3.pl.2.sg.nfut.neg; 3.pl.2.sg.nfut.neg; 3.pl.2.sg.nfut.neg; 3.pl.2.pl.nfut.neg; 3.pl.2.pl.nfut.neg; 3.pl.2.pl.nfut.neg; 3.pl.2.pl.nfut.neg; 3.pl.2.pl.nfut.neg; 3.pl.2.pl.nfut.neg; 3.pl.2.pl.nfut.neg; 3.pl.2.pl.nfut.neg,tedim020; tedim021; tedim023; tedim024; tedim026; tedim027; tedim028; tedim031; tedim032; tedim033; tedim068; tedim069; tedim071; tedim072; tedim074; tedim075; tedim076; tedim079; tedim080; tedim081; tedim108; tedim109; tedim110; tedim111; tedim112; tedim113; tedim114; tedim115; tedim116; tedim117; tedim118; tedim119; tedim120; tedim121; tedim122; tedim123; tedim124; tedim125; tedim126; tedim127; tedim128; tedim129; tedim130; tedim131; tedim132; tedim133; tedim134; tedim135; tedim136; tedim137; tedim138; tedim139; tedim140; tedim141; tedim142; tedim143; tedim144; tedim145; tedim146; tedim147; tedim180; tedim181; tedim184; tedim186; tedim192; tedim193; tedim194; tedim199; tedim200; tedim201; tedim245; tedim246; tedim249; tedim250; tedim253; tedim254; tedim255; tedim260; tedim261; tedim262; tedim300; tedim301; tedim302; tedim303; tedim304; tedim305; tedim306; tedim307; tedim308; tedim309; tedim310; tedim311; tedim312; tedim313; tedim314; tedim315; tedim316; tedim317; tedim318; tedim319; tedim320; tedim321; tedim322; tedim323; tedim324; tedim325; tedim326; tedim327; tedim328; tedim329; tedim330; tedim331; tedim332; tedim333; tedim334; tedim335; tedim336; tedim337; tedim338; tedim339; tedim340; tedim341; tedim342; tedim343; tedim344; tedim345; tedim346; tedim347; tedim348; tedim349; tedim350; tedim351; tedim352; tedim353; tedim354; tedim389; tedim390; tedim392; tedim393; tedim395; tedim396; tedim397; tedim400; tedim401; tedim402; tedim438; tedim439; tedim441; tedim442; tedim444; tedim445; tedim446; tedim447; tedim450; tedim451; tedim452; tedim453; tedim480; tedim481; tedim482; tedim483; tedim484; tedim485; tedim486; tedim487; tedim488; tedim489; tedim490; tedim491; tedim492; tedim493; tedim494; tedim495; tedim496; tedim497; tedim498; tedim499; tedim500; tedim501; tedim502; tedim503; tedim504; tedim505; tedim506; tedim507; tedim508; tedim509; tedim538; tedim539; tedim542; tedim543; tedim546; tedim547; tedim548; tedim553; tedim554; tedim555; tedim604; tedim605; tedim608; tedim609; tedim612; tedim613; tedim614; tedim615; tedim620; tedim621; tedim622; tedim623; tedim664; tedim665; tedim666; tedim667; tedim668; tedim669; tedim670; tedim671; tedim672; tedim673; tedim674; tedim675; tedim676; tedim677; tedim678; tedim679; tedim680; tedim681; tedim682; tedim683; tedim684; tedim685; tedim686; tedim687; tedim688; tedim689; tedim690; tedim691; tedim692; tedim693; tedim694; tedim695; tedim696; tedim697; tedim698; tedim699; tedim700; tedim701; tedim702; tedim703; tedim704; tedim705; tedim706; tedim707; tedim708; tedim709; tedim710; tedim711; tedim712; tedim713; tedim714; tedim715; tedim716; tedim717; tedim718; tedim719; tedim720; tedim721; tedim722; tedim723,tedim
tedimM11,i n ³ t e ʔ ⁵,post,3.sg.fut.aff; 3.sg.1.sg.fut.aff; 3.sg.1.pl.excl.fut.aff; 3.sg.1.pl.incl.fut.aff; 3.sg.2.sg.fut.aff; 3.sg.2.pl.fut.aff; 3.sg.3.sg.fut.aff; 3.sg.3.pl.fut.aff; 3.sg.fut.neg; 3.sg.1.sg.fut.neg; 3.sg.1.pl.excl.fut.neg; 3.sg.1.pl.incl.fut.neg; 3.sg.2.sg.fut.neg; 3.sg.2.pl.fut.neg; 3.sg.3.sg.fut.neg; 3.sg.3.pl.fut.neg,tedim100; tedim108; tedim111; tedim112; tedim132; tedim135; tedim148; tedim151; tedim289; tedim300; tedim304; tedim305; tedim333; tedim337; tedim355; tedim359,tedim
tedimM12,i ³,pre,1.pl.incl.fut.aff; 1.pl.incl.fut.neg; 1.pl.incl.fut.neg; 1.pl.incl.nfut.aff; 1.pl.incl.nfut.neg; 1.pl.incl.nfut.neg,tedim019; tedim178; tedim179; tedim388; tedim536; tedim537,tedim
tedimM13,i ŋ ¹,post,1.sg.nfut.aff; 1.sg.2.sg.nfut.aff; 1.sg.2.pl.nfut.aff; 1.sg.3.sg.nfut.aff; 1.sg.3.pl.nfut.aff; 1.sg.nfut.neg; 1.sg.2.sg.nfut.neg; 1.sg.2.pl.nfut.neg,tedim377; tedim389; tedim392; tedim405; tedim408; tedim522; tedim538; tedim542,tedim
tedimM14,i ŋ ⁵,post,1.sg.fut.aff; 1.sg.2.sg.fut.aff; 1.sg.2.pl.fut.aff; 1.sg.3.sg.fut.aff; 1.sg.3.pl.fut.aff; 1.sg.fut.neg; 1.sg.2.sg.fut.neg; 1.sg.2.pl.fut.neg; 1.sg.3.pl.fut.neg; 1.sg.3.sg.fut.neg; 1.sg.3.sg.nfut.neg; 1.sg.3.pl.nfut.neg,tedim008; tedim020; tedim023; tedim036; tedim039; tedim164; tedim180; tedim184; tedim185; tedim206; tedim560; tedim564,tedim
tedimM15,i ⁵,pre,1.pl.incl.3.sg.fut.aff; 1.pl.incl.3.pl.fut.aff; 1.pl.incl.3.sg.fut.neg; 1.pl.incl.3.sg.fut.neg; 1.pl.incl.3.pl.fut.neg; 1.pl.incl.3.pl.fut.neg; 1.pl.incl.3.sg.nfut.aff; 1.pl.incl.3.pl.nfut.aff; 1.pl.incl.3.sg.nfut.neg; 1.pl.incl.3.sg.nfut.neg; 1.pl.incl.3.pl.nfut.neg; 1.pl.incl.3.pl.nfut.neg,tedim050; tedim059; tedim220; tedim221; tedim232; tedim233; tedim419; tedim428; tedim578; tedim579; tedim590; tedim591,tedim
tedimM16,k a ³,pre,1.sg.fut.aff; 1.pl.excl.fut.aff; 1.pl.excl.fut.aff; 1.sg.fut.neg; 1.sg.fut.neg; 1.pl.excl.fut.neg; 1.pl.excl.fut.neg; 1.pl.excl.fut.neg; 1.pl.excl.fut.neg; 1.sg.nfut.aff; 1.pl.excl.nfut.aff; 1.pl.excl.nfut.aff; 1.sg.nfut.neg; 1.sg.nfut.neg; 1.pl.excl.nfut.neg; 1.pl.excl.nfut.neg; 1.pl.excl.nfut.neg; 1.pl.excl.nfut.neg,tedim010; tedim017; tedim018; tedim166; tedim167; tedim174; tedim175; tedim176; tedim177; tedim379; tedim386; tedim387; tedim524; tedim525; tedim532; tedim533; tedim534; tedim535,tedim
tedimM17,k a ⁵,pre,1.sg.3.sg.fut.aff; 1.sg.3.pl.fut.aff; 1.pl.excl.3.sg.fut.aff; 1.pl.excl.3.sg.fut.aff; 1.pl.excl.3.pl.fut.aff; 1.pl.excl.3.pl.fut.aff; 1.sg.3.pl.fut.neg; 1.sg.3.pl.fut.neg; 1.sg.3.sg.fut.neg; 1.sg.3.sg.fut.neg; 1.pl.excl.3.sg.fut.neg; 1.pl.excl.3.sg.fut.neg; 1.pl.excl.3.sg.fut.neg; 1.pl.excl.3.sg.fut.neg; 1.pl.excl.3.pl.fut.neg; 1.pl.excl.3.pl.fut.neg; 1.pl.excl.3.pl.fut.neg; 1.pl.excl.3.pl.fut.neg; 1.sg.3.sg.nfut.aff; 1.sg.3.pl.nfut.aff; 1.pl.excl.3.sg.nfut.aff; 1.pl.excl.3.sg.nfut.aff; 1.pl.excl.3.pl.nfut.aff; 1.pl.excl.3.pl.nfut.aff; 1.sg.3.sg.nfut.neg; 1.sg.3.sg.nfut.neg; 1.sg.3.pl.nfut.neg; 1.sg.3.pl.nfut.neg; 1.pl.excl.3.sg.nfut.neg; 1.pl.excl.3.sg.nfut.neg; 1.pl.excl.3.sg.nfut.neg; 1.pl.excl.3.sg.nfut.neg; 1.pl.excl.3.pl.nfut.neg; 1.pl.excl.3.pl.nfut.neg; 1.pl.excl.3.pl.nfut.neg; 1.pl.excl.3.pl.nfut.neg,tedim038; tedim041; tedim048; tedim049; tedim057; tedim058; tedim190; tedim191; tedim208; tedim209; tedim216; tedim217; tedim218; tedim219; tedim228; tedim229; tedim230; tedim231; tedim407; tedim410; tedim417; tedim418; tedim426; tedim427; tedim562; tedim563; tedim566; tedim567; tedim574; tedim575; tedim576; tedim577; tedim586; tedim587; tedim588; tedim589,tedim
tedimM18,k ei ⁵,free,1.sg,tedim001,tedim
tedimM19,k ei ⁵,post,1.sg.fut.neg; 1.sg.fut.neg; 1.pl.excl.fut.neg; 1.pl.incl.fut.neg; 1.pl.excl.fut.neg; 1.pl.excl.fut.neg; 1.pl.incl.fut.neg; 1.sg.2.sg.fut.neg; 1.sg.2.sg.fut.neg; 1.sg.2.pl.fut.neg; 1.sg.3.pl.fut.neg; 1.sg.2.pl.fut.neg; 1.sg.3.pl.fut.neg; 1.pl.excl.2.sg.fut.neg; 1.pl.excl.2.sg.fut.neg; 1.pl.excl.2.sg.fut.neg; 1.pl.excl.2.pl.fut.neg; 1.pl.excl.2.pl.fut.neg; 1.pl.excl.2.pl.fut.neg; 1.sg.3.sg.fut.neg; 1.sg.3.sg.fut.neg; 1.pl.excl.3.sg.fut.neg; 1.pl.incl.3.sg.fut.neg; 1.pl.excl.3.sg.fut.neg; 1.pl.excl.3.sg.fut.neg; 1.pl.incl.3.sg.fut.neg; 1.pl.excl.3.pl.fut.neg; 1.pl.incl.3.pl.fut.neg; 1.pl.excl.3.pl.fut.neg; 1.pl.excl.3.pl.fut.neg; 1.pl.incl.3.pl.fut.neg; 2.sg.fut.neg; 2.sg.fut.neg; 2.pl.fut.neg; 2.pl.fut.neg; 2.pl.fut.neg; 2.sg.1.sg.fut.neg; 2.sg.1.sg.fut.neg; 2.sg.1.pl.excl.fut.neg; 2.sg.1.pl.excl.fut.neg; 2.pl.1.sg.fut.neg; 2.pl.1.sg.fut.neg; 2.pl.1.sg.fut.neg; 2.pl.1.pl.excl.fut.neg; 2.pl.1.pl.excl.fut.neg; 2.pl.1.pl.excl.fut.neg; 2.sg.3.sg.fut.neg; 2.sg.3.sg.fut.neg; 2.sg.3.pl.fut.neg; 2.sg.3.pl.fut.neg; 2.pl.3.sg.fut.neg; 2.pl.3.sg.fut.neg; 2.pl.3.sg.fut.neg; 2.pl.3.pl.fut.neg; 2.pl.3.pl.fut.neg; 2.pl.3.pl.fut.neg; 3.sg.fut.neg; 3.sg.fut.neg; 3.pl.fut.neg; 3.pl.fut.neg; 3.pl.fut.neg; 3.sg.1.sg.fut.neg; 3.sg.1.sg.fut.neg; 3.sg.1.pl.excl.fut.neg; 3.sg.1.pl.incl.fut.neg; 3.sg.1.pl.excl.fut.neg; 3.sg.1.pl.incl.fut.neg; 3.pl.1.sg.fut.neg; 3.pl.1.sg.fut.neg; 3.pl.1.sg.fut.neg; 3.pl.1.pl.excl.fut.neg; 3.pl.1.pl.incl.fut.neg; 3.pl.1.pl.excl.fut.neg; 3.pl.1.pl.excl.fut.neg; 3.pl.1.pl.incl.fut.neg; 3.pl.1.pl.incl.fut.neg; 3.sg.2.sg.fut.neg; 3.sg.2.sg.fut.neg; 3.sg.2.pl.fut.neg; 3.sg.2.pl.fut.neg; 3.pl.2.sg.fut.neg; 3.pl.2.sg.fut.neg; 3.pl.2.sg.fut.neg; 3.pl.2.pl.fut.neg; 3.pl.2.pl.fut.neg; 3.pl.2.pl.fut.neg; 3.sg.3.sg.fut.neg; 3.sg.3.sg.fut.neg; 3.sg.3.pl.fut.neg; 3.sg.3.pl.fut.neg; 3.pl.3.sg.fut.neg; 3.pl.3.sg.fut.neg; 3.pl.3.sg.fut.neg; 3.pl.3.pl.fut.neg; 3.pl.3.pl.fut.neg; 3.pl.3.pl.fut.neg; 1.sg.nfut.neg; 1.sg.nfut.neg; 1.pl.excl.nfut.neg; 1.pl.incl.nfut.neg; 1.pl.excl.nfut.neg; 1.pl.excl.nfut.neg; 1.pl.incl.nfut.neg; 1.sg.2.sg.nfut.neg; 1.sg.2.sg.nfut.neg; 1.sg.2.pl.nfut.neg; 1.sg.2.pl.nfut.neg; 1.pl.excl.2.sg.nfut.neg; 1.pl.excl.2.sg.nfut.neg; 1.pl.excl.2.sg.nfut.neg; 1.pl.excl.2.pl.nfut.neg; 1.pl.excl.2.pl.nfut.neg; 1.pl.excl.2.pl.nfut.neg; 1.sg.3.sg.nfut.neg; 1.sg.3.sg.nfut.neg; 1.sg.3.pl.nfut.neg; 1.sg.3.pl.nfut.neg; 1.pl.excl.3.sg.nfut.neg; 1.pl.incl.3.sg.nfut.neg; 1.pl.excl.3.sg.nfut.neg; 1.pl.excl.3.sg.nfut.neg; 1.pl.incl.3.sg.nfut.neg; 1.pl.excl.3.pl.nfut.neg; 1.pl.incl.3.pl.nfut.neg; 1.pl.excl.3.pl.nfut.neg; 1.pl.excl.3.pl.nfut.neg; 1.pl.incl.3.pl.nfut.neg; 2.sg.nfut.neg; 2.sg.nfut.neg; 2.pl.nfut.neg; 2.pl.nfut.neg; 2.pl.nfut.neg; 2.pl.nfut.neg; 2.sg.1.sg.nfut.neg; 2.sg.1.sg.nfut.neg; 2.sg.1.pl.excl.nfut.neg; 2.sg.1.pl.excl.nfut.neg; 2.pl.1.sg.nfut.neg; 2.pl.1.sg.nfut.neg; 2.pl.1.sg.nfut.neg; 2.pl.1.sg.nfut.neg; 2.pl.1.pl.excl.nfut.neg; 2.pl.1.pl.excl.nfut.neg; 2.pl.1.pl.excl.nfut.neg; 2.pl.1.pl.excl.nfut.neg; 2.sg.3.sg.nfut.neg; 2.sg.3.sg.nfut.neg; 2.sg.3.pl.nfut.neg; 2.sg.3.pl.nfut.neg; 2.pl.3.sg.nfut.neg; 2.pl.3.sg.nfut.neg; 2.pl.3.sg.nfut.neg; 2.pl.3.sg.nfut.neg; 2.pl.3.pl.nfut.neg; 2.pl.3.pl.nfut.neg; 2.pl.3.pl.nfut.neg; 2.pl.3.pl.nfut.neg; 3.sg.nfut.neg; 3.sg.nfut.neg; 3.pl.nfut.neg; 3.pl.nfut.neg; 3.pl.nfut.neg; 3.pl.nfut.neg; 3.sg.1.sg.nfut.neg; 3.sg.1.sg.nfut.neg; 3.sg.1.pl.excl.nfut.neg; 3.sg.1.pl.incl.nfut.neg; 3.sg.1.pl.excl.nfut.neg; 3.sg.1.pl.incl.nfut.neg; 3.pl.1.sg.nfut.neg; 3.pl.1.sg.nfut.neg; 3.pl.1.sg.nfut.neg; 3.pl.1.sg.nfut.neg; 3.pl.1.pl.excl.nfut.neg; 3.pl.1.pl.excl.nfut.neg; 3.pl.1.pl.incl.nfut.neg; 3.pl.1.pl.incl.nfut.neg; 3.pl.1.pl.excl.nfut.neg; 3.pl.1.pl.excl.nfut.neg; 3.pl.1.pl.incl.nfut.neg; 3.pl.1.pl.incl.nfut.neg; 3.sg.2.sg.nfut.neg; 3.sg.2.sg.nfut.neg; 3.sg.2.pl.nfut.neg; 3.sg.2.pl.nfut.neg; 3.pl.2.sg.nfut.neg; 3.pl.2.sg.nfut.neg; 3.pl.2.sg.nfut.neg; 3.pl.2.sg.nfut.neg; 3.pl.2.pl.nfut.neg; 3.pl.2.pl.nfut.neg; 3.pl.2.pl.nfut.neg; 3.pl.2.pl.nfut.neg; 3.sg.3.sg.nfut.neg; 3.sg.3.sg.nfut.neg; 3.sg.3.pl.nfut.neg; 3.sg.3.pl.nfut.neg; 3.pl.3.sg.nfut.neg; 3.pl.3.sg.nfut.neg; 3.pl.3.sg.nfut.neg; 3.pl.3.sg.nfut.neg; 3.pl.3.pl.nfut.neg; 3.pl.3.pl.nfut.neg; 3.pl.3.pl.nfut.neg; 3.pl.3.pl.nfut.neg,tedim164; tedim166; tedim168; tedim173; tedim174; tedim175; tedim178; tedim180; tedim182; tedim184; tedim185; tedim188; tedim190; tedim192; tedim195; tedim196; tedim199; tedim202; tedim203; tedim206; tedim208; tedim210; tedim215; tedim216; tedim217; tedim220; tedim222; tedim227; tedim228; tedim229; tedim232; tedim234; tedim236; tedim238; tedim241; tedim242; tedim245; tedim247; tedim249; tedim251; tedim253; tedim256; tedim257; tedim260; tedim263; tedim264; tedim267; tedim269; tedim271; tedim273; tedim275; tedim278; tedim279; tedim282; tedim285; tedim286; tedim289; tedim291; tedim293; tedim296; tedim297; tedim300; tedim302; tedim304; tedim305; tedim308; tedim310; tedim312; tedim315; tedim316; tedim319; tedim320; tedim325; tedim326; tedim329; tedim330; tedim333; tedim335; tedim337; tedim339; tedim341; tedim344; tedim345; tedim348; tedim351; tedim352; tedim355; tedim357; tedim359; tedim361; tedim363; tedim366; tedim367; tedim370; tedim373; tedim374; tedim522; tedim524; tedim526; tedim527; tedim532; tedim533; tedim536; tedim538; tedim540; tedim542; tedim544; tedim546; tedim549; tedim550; tedim553; tedim556; tedim557; tedim560; tedim562; tedim564; tedim566; tedim568; tedim569; tedim574; tedim575; tedim578; tedim580; tedim581; tedim586; tedim587; tedim590; tedim592; tedim594; tedim596; tedim597; tedim600; tedim601; tedim604; tedim606; tedim608; tedim610; tedim612; tedim613; tedim616; tedim617; tedim620; tedim621; tedim624; tedim625; tedim628; tedim630; tedim632; tedim634; tedim636; tedim637; tedim640; tedim641; tedim644; tedim645; tedim648; tedim649; tedim652; tedim654; tedim656; tedim657; tedim660; tedim661; tedim664; tedim666; tedim668; tedim669; tedim672; tedim674; tedim676; tedim677; tedim680; tedim681; tedim684; tedim685; tedim686; tedim687; tedim692; tedim693; tedim696; tedim697; tedim700; tedim702; tedim704; tedim706; tedim708; tedim709; tedim712; tedim713; tedim716; tedim717; tedim720; tedim721; tedim724; tedim726; tedim728; tedim730; tedim732; tedim733; tedim736; tedim737; tedim740; tedim741; tedim744; tedim745,tedim
tedimM20,k o ŋ ⁵,pre,1.sg.2.sg.fut.aff; 1.sg.2.pl.fut.aff; 1.pl.excl.2.sg.fut.aff; 1.pl.excl.2.sg.fut.aff; 1.pl.excl.2.pl.fut.aff; 1.pl.excl.2.pl.fut.aff; 1.sg.2.sg.fut.neg; 1.sg.2.sg.fut.neg; 1.sg.2.pl.fut.neg; 1.sg.2.pl.fut.neg; 1.pl.excl.2.sg.fut.neg; 1.pl.excl.2.sg.fut.neg; 1.pl.excl.2.sg.fut.neg; 1.pl.excl.2.sg.fut.neg; 1.pl.excl.2.pl.fut.neg; 1.pl.excl.2.pl.fut.neg; 1.pl.excl.2.pl.fut.neg; 1.pl.excl.2.pl.fut.neg; 1.sg.2.sg.nfut.aff; 1.sg.2.pl.nfut.aff; 1.pl.excl.2.sg.nfut.aff; 1.pl.excl.2.sg.nfut.aff; 1.pl.excl.2.pl.nfut.aff; 1.pl.excl.2.pl.nfut.aff; 1.sg.2.sg.nfut.neg; 1.sg.2.sg.nfut.neg; 1.sg.2.pl.nfut.neg; 1.sg.2.pl.nfut.neg; 1.pl.excl.2.sg.nfut.neg; 1.pl.excl.2.sg.nfut.neg; 1.pl.excl.2.sg.nfut.neg; 1.pl.excl.2.sg.nfut.neg; 1.pl.excl.2.pl.nfut.neg; 1.pl.excl.2.pl.nfut.neg; 1.pl.excl.2.pl.nfut.neg; 1.pl.excl.2.pl.nfut.neg,tedim022; tedim025; tedim029; tedim030; tedim034; tedim035; tedim182; tedim183; tedim188; tedim189; tedim195; tedim196; tedim197; tedim198; tedim202; tedim203; tedim204; tedim205; tedim391; tedim394; tedim398; tedim399; tedim403; tedim404; tedim540; tedim541; tedim544; tedim545; tedim549; tedim550; tedim551; tedim552; tedim556; tedim557; tedim558; tedim559,tedim
tedimM21,k ou ¹,free,1.pl.excl,tedim002,tedim
tedimM22,l ou ¹,post,1.sg.fut.neg; 1.sg.fut.neg; 1.pl.excl.fut.neg; 1.pl.excl.fut.neg; 1.pl.incl.fut.neg; 1.pl.incl.fut.neg; 1.pl.excl.fut.neg; 1.pl.excl.fut.neg; 1.pl.incl.fut.neg; 1.sg.2.sg.fut.neg; 1.sg.2.sg.fut.neg; 1.sg.2.pl.fut.neg; 1.sg.3.pl.fut.neg; 1.sg.2.pl.fut.neg; 1.sg.3.pl.fut.neg; 1.pl.excl.2.sg.fut.neg; 1.pl.excl.2.sg.fut.neg; 1.pl.excl.2.sg.fut.neg; 1.pl.excl.2.sg.fut.neg; 1.pl.excl.2.pl.fut.neg; 1.pl.excl.2.pl.fut.neg; 1.pl.excl.2.pl.fut.neg; 1.pl.excl.2.pl.fut.neg; 1.sg.3.sg.fut.neg; 1.sg.3.sg.fut.neg; 1.pl.excl.3.sg.fut.neg; 1.pl.excl.3.sg.fut.neg; 1.pl.incl.3.sg.fut.neg; 1.pl.incl.3.sg.fut.neg; 1.pl.excl.3.sg.fut.neg; 1.pl.excl.3.sg.fut.neg; 1.pl.incl.3.sg.fut.neg; 1.pl.excl.3.pl.fut.neg; 1.pl.excl.3.pl.fut.neg; 1.pl.incl.3.pl.fut.neg; 1.pl.incl.3.pl.fut.neg; 1.pl.excl.3.pl.fut.neg; 1.pl.excl.3.pl.fut.neg; 1.pl.incl.3.pl.fut.neg; 2.sg.fut.neg; 2.sg.fut.neg; 2.pl.fut.neg; 2.pl.fut.neg; 2.pl.fut.neg; 2.pl.fut.neg; 2.sg.1.sg.fut.neg; 2.sg.1.sg.fut.neg; 2.sg.1.pl.excl.fut.neg; 2.sg.1.pl.excl.fut.neg; 2.pl.1.sg.fut.neg; 2.pl.1.sg.fut.neg; 2.pl.1.sg.fut.neg; 2.pl.1.sg.fut.neg; 2.pl.1.pl.excl.fut.neg; 2.pl.1.pl.excl.fut.neg; 2.pl.1.pl.excl.fut.neg; 2.pl.1.pl.excl.fut.neg; 2.sg.3.sg.fut.neg; 2.sg.3.sg.fut.neg; 2.sg.3.pl.fut.neg; 2.sg.3.pl.fut.neg; 2.pl.3.sg.fut.neg; 2.pl.3.sg.fut.neg; 2.pl.3.sg.fut.neg; 2.pl.3.sg.fut.neg; 2.pl.3.pl.fut.neg; 2.pl.3.pl.fut.neg; 2.pl.3.pl.fut.neg; 2.pl.3.pl.fut.neg; 3.sg.fut.neg; 3.sg.fut.neg; 3.pl.fut.neg; 3.pl.fut.neg; 3.pl.fut.neg; 3.pl.fut.neg; 3.sg.1.sg.fut.neg; 3.sg.1.sg.fut.neg; 3.sg.1.pl.excl.fut.neg; 3.sg.1.pl.incl.fut.neg; 3.sg.1.pl.excl.fut.neg; 3.sg.1.pl.incl.fut.neg; 3.pl.1.sg.fut.neg; 3.pl.1.sg.fut.neg; 3.pl.1.sg.fut.neg; 3.pl.1.sg.fut.neg; 3.pl.1.pl.excl.fut.neg; 3.pl.1.pl.excl.fut.neg; 3.pl.1.pl.incl.fut.neg; 3.pl.1.pl.incl.fut.neg; 3.pl.1.pl.excl.fut.neg; 3.pl.1.pl.excl.fut.neg; 3.pl.1.pl.incl.fut.neg; 3.pl.1.pl.incl.fut.neg; 3.sg.2.sg.fut.neg; 3.sg.2.sg.fut.neg; 3.sg.2.pl.fut.neg; 3.sg.2.pl.fut.neg; 3.pl.2.sg.fut.neg; 3.pl.2.sg.fut.neg; 3.pl.2.sg.fut.neg; 3.pl.2.sg.fut.neg; 3.pl.2.pl.fut.neg; 3.pl.2.pl.fut.neg; 3.pl.2.pl.fut.neg; 3.pl.2.pl.fut.neg; 3.sg.3.sg.fut.neg; 3.sg.3.sg.fut.neg; 3.sg.3.pl.fut.neg; 3.sg.3.pl.fut.neg; 3.pl.3.sg.fut.neg; 3.pl.3.sg.fut.neg; 3.pl.3.sg.fut.neg; 3.pl.3.sg.fut.neg; 3.pl.3.pl.fut.neg; 3.pl.3.pl.fut.neg; 3.pl.3.pl.fut.neg; 3.pl.3.pl.fut.neg; 1.sg.nfut.neg; 1.sg.nfut.neg; 1.pl.excl.nfut.neg; 1.pl.excl.nfut.neg; 1.pl.incl.nfut.neg; 1.pl.incl.nfut.neg; 1.pl.excl.nfut.neg; 1.pl.excl.nfut.neg; 1.pl.incl.nfut.neg; 1.sg.2.sg.nfut.neg; 1.sg.2.sg.nfut.neg; 1.sg.2.pl.nfut.neg; 1.sg.2.pl.nfut.neg; 1.pl.excl.2.sg.nfut.neg; 1.pl.excl.2.sg.nfut.neg; 1.pl.excl.2.sg.nfut.neg; 1.pl.excl.2.sg.nfut.neg; 1.pl.excl.2.pl.nfut.neg; 1.pl.excl.2.pl.nfut.neg; 1.pl.excl.2.pl.nfut.neg; 1.pl.excl.2.pl.nfut.neg; 1.sg.3.sg.nfut.neg; 1.sg.3.sg.nfut.neg; 1.sg.3.pl.nfut.neg; 1.sg.3.pl.nfut.neg; 1.pl.excl.3.sg.nfut.neg; 1.pl.excl.3.sg.nfut.neg; 1.pl.incl.3.sg.nfut.neg; 1.pl.incl.3.sg.nfut.neg; 1.pl.excl.3.sg.nfut.neg; 1.pl.excl.3.sg.nfut.neg; 1.pl.incl.3.sg.nfut.neg; 1.pl.excl.3.pl.nfut.neg; 1.pl.excl.3.pl.nfut.neg; 1.pl.incl.3.pl.nfut.neg; 1.pl.incl.3.pl.nfut.neg; 1.pl.excl.3.pl.nfut.neg; 1.pl.excl.3.pl.nfut.neg; 1.pl.incl.3.pl.nfut.neg; 2.sg.nfut.neg; 2.sg.nfut.neg; 2.pl.nfut.neg; 2.pl.nfut.neg; 2.pl.nfut.neg; 2.pl.nfut.neg; 2.sg.1.sg.nfut.neg; 2.sg.1.sg.nfut.neg; 2.sg.1.pl.excl.nfut.neg; 2.sg.1.pl.excl.nfut.neg; 2.pl.1.sg.nfut.neg; 2.pl.1.sg.nfut.neg; 2.pl.1.sg.nfut.neg; 2.pl.1.sg.nfut.neg; 2.pl.1.pl.excl.nfut.neg; 2.pl.1.pl.excl.nfut.neg; 2.pl.1.pl.excl.nfut.neg; 2.pl.1.pl.excl.nfut.neg; 2.sg.3.sg.nfut.neg; 2.sg.3.sg.nfut.neg; 2.sg.3.pl.nfut.neg; 2.sg.3.pl.nfut.neg; 2.pl.3.sg.nfut.neg; 2.pl.3.sg.nfut.neg; 2.pl.3.sg.nfut.neg; 2.pl.3.sg.nfut.neg; 2.pl.3.pl.nfut.neg; 2.pl.3.pl.nfut.neg; 2.pl.3.pl.nfut.neg; 2.pl.3.pl.nfut.neg; 3.sg.nfut.neg; 3.sg.nfut.neg; 3.pl.nfut.neg; 3.pl.nfut.neg; 3.pl.nfut.neg; 3.pl.nfut.neg; 3.sg.1.sg.nfut.neg; 3.sg.1.sg.nfut.neg; 3.sg.1.pl.excl.nfut.neg; 3.sg.1.pl.incl.nfut.neg; 3.sg.1.pl.excl.nfut.neg; 3.sg.1.pl.incl.nfut.neg; 3.pl.1.sg.nfut.neg; 3.pl.1.sg.nfut.neg; 3.pl.1.sg.nfut.neg; 3.pl.1.sg.nfut.neg; 3.pl.1.pl.excl.nfut.neg; 3.pl.1.pl.excl.nfut.neg; 3.pl.1.pl.incl.nfut.neg; 3.pl.1.pl.incl.nfut.neg; 3.pl.1.pl.excl.nfut.neg; 3.pl.1.pl.excl.nfut.neg; 3.pl.1.pl.incl.nfut.neg; 3.pl.1.pl.incl.nfut.neg; 3.sg.2.sg.nfut.neg; 3.sg.2.sg.nfut.neg; 3.sg.2.pl.nfut.neg; 3.sg.2.pl.nfut.neg; 3.pl.2.sg.nfut.neg; 3.pl.2.sg.nfut.neg; 3.pl.2.sg.nfut.neg; 3.pl.2.sg.nfut.neg; 3.pl.2.pl.nfut.neg; 3.pl.2.pl.nfut.neg; 3.pl.2.pl.nfut.neg; 3.pl.2.pl.nfut.neg; 3.sg.3.sg.nfut.neg; 3.sg.3.sg.nfut.neg; 3.sg.3.pl.nfut.neg; 3.sg.3.pl.nfut.neg; 3.pl.3.sg.nfut.neg; 3.pl.3.sg.nfut.neg; 3.pl.3.sg.nfut.neg; 3.pl.3.sg.nfut.neg; 3.pl.3.pl.nfut.neg; 3.pl.3.pl.nfut.neg; 3.pl.3.pl.nfut.neg; 3.pl.3.pl.nfut.neg,tedim165; tedim167; tedim169; tedim170; tedim171; tedim172; tedim176; tedim177; tedim179; tedim181; tedim183; tedim186; tedim187; tedim189; tedim191; tedim193; tedim194; tedim197; tedim198; tedim200; tedim201; tedim204; tedim205; tedim207; tedim209; tedim211; tedim212; tedim213; tedim214; tedim218; tedim219; tedim221; tedim223; tedim224; tedim225; tedim226; tedim230; tedim231; tedim233; tedim235; tedim237; tedim239; tedim240; tedim243; tedim244; tedim246; tedim248; tedim250; tedim252; tedim254; tedim255; tedim258; tedim259; tedim261; tedim262; tedim265; tedim266; tedim268; tedim270; tedim272; tedim274; tedim276; tedim277; tedim280; tedim281; tedim283; tedim284; tedim287; tedim288; tedim290; tedim292; tedim294; tedim295; tedim298; tedim299; tedim301; tedim303; tedim306; tedim307; tedim309; tedim311; tedim313; tedim314; tedim317; tedim318; tedim321; tedim322; tedim323; tedim324; tedim327; tedim328; tedim331; tedim332; tedim334; tedim336; tedim338; tedim340; tedim342; tedim343; tedim346; tedim347; tedim349; tedim350; tedim353; tedim354; tedim356; tedim358; tedim360; tedim362; tedim364; tedim365; tedim368; tedim369; tedim371; tedim372; tedim375; tedim376; tedim523; tedim525; tedim528; tedim529; tedim530; tedim531; tedim534; tedim535; tedim537; tedim539; tedim541; tedim543; tedim545; tedim547; tedim548; tedim551; tedim552; tedim554; tedim555; tedim558; tedim559; tedim561; tedim563; tedim565; tedim567; tedim570; tedim571; tedim572; tedim573; tedim576; tedim577; tedim579; tedim582; tedim583; tedim584; tedim585; tedim588; tedim589; tedim591; tedim593; tedim595; tedim598; tedim599; tedim602; tedim603; tedim605; tedim607; tedim609; tedim611; tedim614; tedim615; tedim618; tedim619; tedim622; tedim623; tedim626; tedim627; tedim629; tedim631; tedim633; tedim635; tedim638; tedim639; tedim642; tedim643; tedim646; tedim647; tedim650; tedim651; tedim653; tedim655; tedim658; tedim659; tedim662; tedim663; tedim665; tedim667; tedim670; tedim671; tedim673; tedim675; tedim678; tedim679; tedim682; tedim683; tedim688; tedim689; tedim690; tedim691; tedim694; tedim695; tedim698; tedim699; tedim701; tedim703; tedim705; tedim707; tedim710; tedim711; tedim714; tedim715; tedim718; tedim719; tedim722; tedim723; tedim725; tedim727; tedim729; tedim731; tedim734; tedim735; tedim738; tedim739; tedim742; tedim743; tedim746; tedim747,tedim
tedimM23,n,post,1.sg.fut.aff; 1.sg.2.sg.fut.aff; 1.sg.2.pl.fut.aff; 1.sg.3.sg.fut.aff; 1.sg.3.pl.fut.aff; 1.sg.fut.neg; 1.sg.2.sg.fut.neg; 1.sg.2.pl.fut.neg; 1.sg.3.pl.fut.neg; 1.sg.3.sg.fut.neg,tedim008; tedim020; tedim023; tedim036; tedim039; tedim164; tedim180; tedim184; tedim185; tedim206,tedim
tedimM24,n a ³,pre,2.sg.fut.aff; 2.pl.fut.aff; 2.pl.fut.aff; 2.sg.fut.neg; 2.sg.fut.neg; 2.pl.fut.neg; 2.pl.fut.neg; 2.pl.fut.neg; 2.pl.fut.neg; 2.sg.nfut.aff; 2.pl.nfut.aff; 2.pl.nfut.aff; 2.sg.nfut.neg; 2.sg.nfut.neg; 2.pl.nfut.neg; 2.pl.nfut.neg; 2.pl.nfut.neg; 2.pl.nfut.neg,tedim062; tedim066; tedim067; tedim236; tedim237; tedim241; tedim242; tedim243; tedim244; tedim431; tedim436; tedim437; tedim594; tedim595; tedim600; tedim601; tedim602; tedim603,tedim
tedimM25,n a ŋ ⁵,free,2.sg,tedim004,tedim
tedimM26,n a ⁵,pre,2.sg.3.sg.fut.aff; 2.sg.3.pl.fut.aff; 2.pl.3.sg.fut.aff; 2.pl.3.sg.fut.aff; 2.pl.3.pl.fut.aff; 2.pl.3.pl.fut.aff; 2.sg.3.sg.fut.neg; 2.sg.3.sg.fut.neg; 2.sg.3.pl.fut.neg; 2.sg.3.pl.fut.neg; 2.pl.3.sg.fut.neg; 2.pl.3.sg.fut.neg; 2.pl.3.sg.fut.neg; 2.pl.3.sg.fut.neg; 2.pl.3.pl.fut.neg; 2.pl.3.pl.fut.neg; 2.pl.3.pl.fut.neg; 2.pl.3.pl.fut.neg; 2.sg.3.sg.nfut.aff; 2.sg.3.pl.nfut.aff; 2.pl.3.sg.nfut.aff; 2.pl.3.sg.nfut.aff; 2.pl.3.pl.nfut.aff; 2.pl.3.pl.nfut.aff; 2.sg.3.sg.nfut.neg; 2.sg.3.sg.nfut.neg; 2.sg.3.pl.nfut.neg; 2.sg.3.pl.nfut.neg; 2.pl.3.sg.nfut.neg; 2.pl.3.sg.nfut.neg; 2.pl.3.sg.nfut.neg; 2.pl.3.sg.nfut.neg; 2.pl.3.pl.nfut.neg; 2.pl.3.pl.nfut.neg; 2.pl.3.pl.nfut.neg; 2.pl.3.pl.nfut.neg,tedim086; tedim089; tedim093; tedim094; tedim098; tedim099; tedim269; tedim270; tedim273; tedim274; tedim278; tedim279; tedim280; tedim281; tedim285; tedim286; tedim287; tedim288; tedim458; tedim461; tedim466; tedim467; tedim472; tedim473; tedim630; tedim631; tedim634; tedim635; tedim640; tedim641; tedim642; tedim643; tedim648; tedim649; tedim650; tedim651,tedim
tedimM27,n i ⁵,post,2.sg.fut.aff; 2.sg.1.sg.fut.aff; 2.sg.1.pl.excl.fut.aff; 2.sg.3.sg.fut.aff; 2.sg.3.pl.fut.aff; 2.sg.fut.neg; 2.sg.1.sg.fut.neg; 2.sg.1.pl.excl.fut.neg; 2.sg.3.sg.fut.neg; 2.sg.3.pl.fut.neg,tedim060; tedim068; tedim071; tedim084; tedim087; tedim234; tedim245; tedim249; tedim267; tedim271,tedim
tedimM28,n ii ¹,post,1.pl.incl.fut.aff; 1.pl.incl.3.sg.fut.aff; 1.pl.incl.3.pl.fut.aff; 1.pl.incl.3.sg.fut.neg; 1.pl.incl.3.pl.fut.neg,tedim016; tedim047; tedim056; tedim215; tedim227,tedim
tedimM29,n ii ⁵,post,1.pl.incl.fut.neg,tedim173,tedim
tedimM30,n o ŋ ⁵,pre,2.sg.1.sg.fut.aff; 2.sg.1.pl.excl.fut.aff; 2.pl.1.sg.fut.aff; 2.pl.1.sg.fut.aff; 2.pl.1.pl.excl.fut.aff; 2.pl.1.pl.excl.fut.aff; 2.sg.1.sg.fut.neg; 2.sg.1.sg.fut.neg; 2.sg.1.pl.excl.fut.neg; 2.sg.1.pl.excl.fut.neg; 2.pl.1.sg.fut.neg; 2.pl.1.sg.fut.neg; 2.pl.1.sg.fut.neg; 2.pl.1.sg.fut.neg; 2.pl.1.pl.excl.fut.neg; 2.pl.1.pl.excl.fut.neg; 2.pl.1.pl.excl.fut.neg; 2.pl.1.pl.excl.fut.neg; 2.sg.1.sg.nfut.aff; 2.sg.1.pl.excl.nfut.aff; 2.pl.1.sg.nfut.aff; 2.pl.1.sg.nfut.aff; 2.pl.1.pl.excl.nfut.aff; 2.pl.1.pl.excl.nfut.aff; 2.sg.1.sg.nfut.neg; 2.sg.1.sg.nfut.neg; 2.sg.1.pl.excl.nfut.neg; 2.sg.1.pl.excl.nfut.neg; 2.pl.1.sg.nfut.neg; 2.pl.1.sg.nfut.neg; 2.pl.1.sg.nfut.neg; 2.pl.1.sg.nfut.neg; 2.pl.1.pl.excl.nfut.neg; 2.pl.1.pl.excl.nfut.neg; 2.pl.1.pl.excl.nfut.neg; 2.pl.1.pl.excl.nfut.neg,tedim070; tedim073; tedim077; tedim078; tedim082; tedim083; tedim247; tedim248; tedim251; tedim252; tedim256; tedim257; tedim258; tedim259; tedim263; tedim264; tedim265; tedim266; tedim440; tedim443; tedim448; tedim449; tedim454; tedim455; tedim606; tedim607; tedim610; tedim611; tedim616; tedim617; tedim618; tedim619; tedim624; tedim625; tedim626; tedim627,tedim
tedimM31,n ou ¹,free,2.pl,tedim005,tedim
tedimM32,n u ʔ ⁵ t e ʔ ¹,post,2.pl.1.sg.fut.aff; 2.pl.1.pl.excl.fut.aff; 2.pl.3.sg.fut.aff; 2.pl.3.pl.fut.aff; 2.pl.1.sg.fut.neg; 2.pl.1.pl.excl.fut.neg; 2.pl.3.sg.fut.neg; 2.pl.3.pl.fut.neg,tedim074; tedim079; tedim090; tedim095; tedim253; tedim260; tedim275; tedim282,tedim
tedimM33,n u ⁵ t e ʔ ¹,post,2.pl.fut.aff; 2.pl.fut.neg,tedim063; tedim238,tedim
tedimM34,n uu ŋ ¹,post,1.pl.excl.fut.aff; 1.pl.excl.2.sg.fut.aff; 1.pl.excl.2.pl.fut.aff; 1.pl.excl.3.sg.fut.aff; 1.pl.excl.3.pl.fut.aff; 1.pl.excl.fut.neg; 1.pl.excl.2.sg.fut.neg; 1.pl.excl.2.pl.fut.neg; 1.pl.excl.3.sg.fut.neg; 1.pl.excl.3.pl.fut.neg,tedim011; tedim026; tedim031; tedim042; tedim051; tedim168; tedim192; tedim199; tedim210; tedim222,tedim
tedimM35,t e ʔ ¹,post,2.sg.fut.aff; 2.sg.1.sg.fut.aff; 2.sg.1.pl.excl.fut.aff; 2.sg.3.sg.fut.aff; 2.sg.3.pl.fut.aff; 2.sg.fut.neg; 2.sg.1.sg.fut.neg; 2.sg.1.pl.excl.fut.neg; 2.sg.3.sg.fut.neg; 2.sg.3.pl.fut.neg; 2.sg.nfut.aff; 2.pl.nfut.aff; 2.pl.nfut.aff; 2.sg.1.sg.nfut.aff; 2.sg.1.pl.excl.nfut.aff; 2.pl.1.sg.nfut.aff; 2.pl.1.sg.nfut.aff; 2.pl.1.pl.excl.nfut.aff; 2.pl.1.pl.excl.nfut.aff; 2.sg.3.sg.nfut.aff; 2.sg.3.pl.nfut.aff; 2.pl.3.sg.nfut.aff; 2.pl.3.sg.nfut.aff; 2.pl.3.pl.nfut.aff; 2.pl.3.pl.nfut.aff; 2.sg.nfut.neg; 2.pl.nfut.neg; 2.pl.nfut.neg; 2.sg.1.sg.nfut.neg; 2.sg.1.pl.excl.nfut.neg; 2.pl.1.sg.nfut.neg; 2.pl.1.sg.nfut.neg; 2.pl.1.pl.excl.nfut.neg; 2.pl.1.pl.excl.nfut.neg; 2.sg.3.sg.nfut.neg; 2.sg.3.pl.nfut.neg; 2.pl.3.sg.nfut.neg; 2.pl.3.sg.nfut.neg; 2.pl.3.pl.nfut.neg; 2.pl.3.pl.nfut.neg,tedim060; tedim068; tedim071; tedim084; tedim087; tedim234; tedim245; tedim249; tedim267; tedim271; tedim429; tedim432; tedim433; tedim438; tedim441; tedim444; tedim445; tedim450; tedim451; tedim456; tedim459; tedim462; tedim463; tedim468; tedim469; tedim592; tedim596; tedim597; tedim604; tedim608; tedim612; tedim613; tedim620; tedim621; tedim628; tedim632; tedim636; tedim637; tedim644; tedim645,tedim
tedimM36,u n ³ t e ʔ ⁵,post,3.pl.fut.aff; 3.pl.1.sg.fut.aff; 3.pl.1.pl.excl.fut.aff; 3.pl.1.pl.incl.fut.aff; 3.pl.2.sg.fut.aff; 3.pl.2.pl.fut.aff; 3.pl.3.sg.fut.aff; 3.pl.3.pl.fut.aff; 3.pl.fut.neg; 3.pl.1.sg.fut.neg; 3.pl.1.pl.excl.fut.neg; 3.pl.1.pl.incl.fut.neg; 3.pl.2.sg.fut.neg; 3.pl.2.pl.fut.neg; 3.pl.3.sg.fut.neg; 3.pl.3.pl.fut.neg,tedim103; tedim117; tedim122; tedim123; tedim138; tedim143; tedim154; tedim159; tedim293; tedim312; tedim319; tedim320; tedim341; tedim348; tedim363; tedim370,tedim
tedimM37,u ŋ ¹,post,1.pl.excl.nfut.aff; 1.pl.excl.2.sg.nfut.aff; 1.pl.excl.2.pl.nfut.aff; 1.pl.excl.3.sg.nfut.aff; 1.pl.excl.3.pl.nfut.aff; 1.pl.excl.nfut.neg; 1.pl.excl.2.sg.nfut.neg; 1.pl.excl.2.pl.nfut.neg; 1.pl.excl.3.sg.nfut.neg; 1.pl.excl.3.pl.nfut.neg,tedim380; tedim395; tedim400; tedim411; tedim420; tedim526; tedim546; tedim553; tedim568; tedim580,tedim
tedimM38,u ʔ ¹,post,1.pl.excl.fut.aff; 1.pl.incl.fut.aff; 1.pl.excl.fut.aff; 1.pl.excl.2.sg.fut.aff; 1.pl.excl.2.sg.fut.aff; 1.pl.excl.2.pl.fut.aff; 1.pl.excl.2.pl.fut.aff; 1.pl.excl.3.sg.fut.aff; 1.pl.incl.3.sg.fut.aff; 1.pl.excl.3.sg.fut.aff; 1.pl.excl.3.pl.fut.aff; 1.pl.incl.3.pl.fut.aff; 1.pl.excl.3.pl.fut.aff; 2.pl.fut.aff; 2.pl.fut.aff; 2.pl.1.sg.fut.aff; 2.pl.1.sg.fut.aff; 2.pl.1.pl.excl.fut.aff; 2.pl.1.pl.excl.fut.aff; 2.pl.3.sg.fut.aff; 2.pl.3.sg.fut.aff; 2.pl.3.pl.fut.aff; 2.pl.3.pl.fut.aff; 3.pl.fut.aff; 3.pl.fut.aff; 3.pl.1.sg.fut.aff; 3.pl.1.sg.fut.aff; 3.pl.1.pl.excl.fut.aff; 3.pl.1.pl.incl.fut.aff; 3.pl.1.pl.excl.fut.aff; 3.pl.1.pl.incl.fut.aff; 3.pl.2.sg.fut.aff; 3.pl.2.sg.fut.aff; 3.pl.2.pl.fut.aff; 3.pl.2.pl.fut.aff; 3.pl.3.sg.fut.aff; 3.pl.3.sg.fut.aff; 3.pl.3.pl.fut.aff; 3.pl.3.pl.fut.aff; 1.pl.excl.fut.neg; 1.pl.incl.fut.neg; 1.pl.excl.fut.neg; 1.pl.excl.fut.neg; 1.pl.excl.2.sg.fut.neg; 1.pl.excl.2.sg.fut.neg; 1.pl.excl.2.sg.fut.neg; 1.pl.excl.2.pl.fut.neg; 1.pl.excl.2.pl.fut.neg; 1.pl.excl.2.pl.fut.neg; 1.pl.excl.3.sg.fut.neg; 1.pl.incl.3.sg.fut.neg; 1.pl.excl.3.sg.fut.neg; 1.pl.excl.3.sg.fut.neg; 1.pl.excl.3.pl.fut.neg; 1.pl.incl.3.pl.fut.neg; 1.pl.excl.3.pl.fut.neg; 1.pl.excl.3.pl.fut.neg; 2.pl.fut.neg; 2.pl.fut.neg; 2.pl.fut.neg; 2.pl.1.sg.fut.neg; 2.pl.1.sg.fut.neg; 2.pl.1.sg.fut.neg; 2.pl.1.pl.excl.fut.neg; 2.pl.1.pl.excl.fut.neg; 2.pl.1.pl.excl.fut.neg; 2.pl.3.sg.fut.neg; 2.pl.3.sg.fut.neg; 2.pl.3.sg.fut.neg; 2.pl.3.pl.fut.neg; 2.pl.3.pl.fut.neg; 2.pl.3.pl.fut.neg; 3.pl.fut.neg; 3.pl.fut.neg; 3.pl.fut.neg; 3.pl.1.sg.fut.neg; 3.pl.1.sg.fut.neg; 3.pl.1.sg.fut.neg; 3.pl.1.pl.excl.fut.neg; 3.pl.1.pl.incl.fut.neg; 3.pl.1.pl.excl.fut.neg; 3.pl.1.pl.excl.fut.neg; 3.pl.1.pl.incl.fut.neg; 3.pl.1.pl.incl.fut.neg; 3.pl.2.sg.fut.neg; 3.pl.2.sg.fut.neg; 3.pl.2.sg.fut.neg; 3.pl.2.pl.fut.neg; 3.pl.2.pl.fut.neg; 3.pl.2.pl.fut.neg; 3.pl.3.sg.fut.neg; 3.pl.3.sg.fut.neg; 3.pl.3.sg.fut.neg; 3.pl.3.pl.fut.neg; 3.pl.3.pl.fut.neg; 3.pl.3.pl.fut.neg; 1.pl.excl.nfut.aff; 1.pl.incl.nfut.aff; 1.pl.excl.nfut.aff; 1.pl.excl.2.sg.nfut.aff; 1.pl.excl.2.sg.nfut.aff; 1.pl.excl.2.pl.nfut.aff; 1.pl.excl.2.pl.nfut.aff; 1.pl.excl.3.sg.nfut.aff; 1.pl.incl.3.sg.nfut.aff; 1.pl.excl.3.sg.nfut.aff; 1.pl.excl.3.pl.nfut.aff; 1.pl.incl.3.pl.nfut.aff; 1.pl.excl.3.pl.nfut.aff; 2.pl.nfut.aff; 2.pl.nfut.aff; 2.pl.nfut.aff; 2.pl.1.sg.nfut.aff; 2.pl.1.sg.nfut.aff; 2.pl.1.sg.nfut.aff; 2.pl.1.pl.excl.nfut.aff; 2.pl.1.pl.excl.nfut.aff; 2.pl.1.pl.excl.nfut.aff; 2.pl.3.sg.nfut.aff; 2.pl.3.sg.nfut.aff; 2.pl.3.sg.nfut.aff; 2.pl.3.pl.nfut.aff; 2.pl.3.pl.nfut.aff; 2.pl.3.pl.nfut.aff; 3.pl.nfut.aff; 3.pl.nfut.aff; 3.pl.1.sg.nfut.aff; 3.pl.1.sg.nfut.aff; 3.pl.1.pl.excl.nfut.aff; 3.pl.1.pl.incl.nfut.aff; 3.pl.1.pl.excl.nfut.aff; 3.pl.1.pl.incl.nfut.aff; 3.pl.2.sg.nfut.aff; 3.pl.2.sg.nfut.aff; 3.pl.2.pl.nfut.aff; 3.pl.2.pl.nfut.aff; 3.pl.3.sg.nfut.aff; 3.pl.3.sg.nfut.aff; 3.pl.3.pl.nfut.aff; 3.pl.3.pl.nfut.aff; 1.pl.excl.nfut.neg; 1.pl.incl.nfut.neg; 1.pl.excl.nfut.neg; 1.pl.excl.nfut.neg; 1.pl.excl.2.sg.nfut.neg; 1.pl.excl.2.sg.nfut.neg; 1.pl.excl.2.sg.nfut.neg; 1.pl.excl.2.pl.nfut.neg; 1.pl.excl.2.pl.nfut.neg; 1.pl.excl.2.pl.nfut.neg; 1.pl.excl.3.sg.nfut.neg; 1.pl.incl.3.sg.nfut.neg; 1.pl.excl.3.sg.nfut.neg; 1.pl.excl.3.sg.nfut.neg; 1.pl.excl.3.pl.nfut.neg; 1.pl.incl.3.pl.nfut.neg; 1.pl.excl.3.pl.nfut.neg; 1.pl.excl.3.pl.nfut.neg; 2.pl.nfut.neg; 2.pl.nfut.neg; 2.pl.nfut.neg; 2.pl.nfut.neg; 2.pl.1.sg.nfut.neg; 2.pl.1.sg.nfut.neg; 2.pl.1.sg.nfut.neg; 2.pl.1.sg.nfut.neg; 2.pl.1.pl.excl.nfut.neg; 2.pl.1.pl.excl.nfut.neg; 2.pl.1.pl.excl.nfut.neg; 2.pl.1.pl.excl.nfut.neg; 2.pl.3.sg.nfut.neg; 2.pl.3.sg.nfut.neg; 2.pl.3.sg.nfut.neg; 2.pl.3.sg.nfut.neg; 2.pl.3.pl.nfut.neg; 2.pl.3.pl.nfut.neg; 2.pl.3.pl.nfut.neg; 2.pl.3.pl.nfut.neg; 3.pl.nfut.neg; 3.pl.nfut.neg; 3.pl.nfut.neg; 3.pl.nfut.neg; 3.pl.1.sg.nfut.neg; 3.pl.1.sg.nfut.neg; 3.pl.1.sg.nfut.neg; 3.pl.1.sg.nfut.neg; 3.pl.1.pl.excl.nfut.neg; 3.pl.1.pl.incl.nfut.neg; 3.pl.1.pl.excl.nfut.neg; 3.pl.1.pl.incl.nfut.neg; 3.pl.1.pl.excl.nfut.neg; 3.pl.1.pl.excl.nfut.neg; 3.pl.1.pl.incl.nfut.neg; 3.pl.1.pl.incl.nfut.neg; 3.pl.2.sg.nfut.neg; 3.pl.2.sg.nfut.neg; 3.pl.2.sg.nfut.neg; 3.pl.2.sg.nfut.neg; 3.pl.2.pl.nfut.neg; 3.pl.2.pl.nfut.neg; 3.pl.2.pl.nfut.neg; 3.pl.2.pl.nfut.neg; 3.pl.3.sg.nfut.neg; 3.pl.3.sg.nfut.neg; 3.pl.3.sg.nfut.neg; 3.pl.3.sg.nfut.neg; 3.pl.3.pl.nfut.neg; 3.pl.3.pl.nfut.neg; 3.pl.3.pl.nfut.neg; 3.pl.3.pl.nfut.neg,tedim013; tedim015; tedim018; tedim028; tedim030; tedim033; tedim035; tedim044; tedim046; tedim049; tedim053; tedim055; tedim058; tedim065; tedim067; tedim076; tedim078; tedim081; tedim083; tedim092; tedim094; tedim097; tedim099; tedim105; tedim107; tedim119; tedim121; tedim125; tedim127; tedim129; tedim131; tedim140; tedim142; tedim145; tedim147; tedim156; tedim158; tedim161; tedim163; tedim170; tedim172; tedim175; tedim177; tedim194; tedim196; tedim198; tedim201; tedim203; tedim205; tedim212; tedim214; tedim217; tedim219; tedim224; tedim226; tedim229; tedim231; tedim240; tedim242; tedim244; tedim255; tedim257; tedim259; tedim262; tedim264; tedim266; tedim277; tedim279; tedim281; tedim284; tedim286; tedim288; tedim295; tedim297; tedim299; tedim314; tedim316; tedim318; tedim322; tedim324; tedim326; tedim328; tedim330; tedim332; tedim343; tedim345; tedim347; tedim350; tedim352; tedim354; tedim365; tedim367; tedim369; tedim372; tedim374; tedim376; tedim383; tedim385; tedim387; tedim397; tedim399; tedim402; tedim404; tedim414; tedim416; tedim418; tedim423; tedim425; tedim427; tedim433; tedim435; tedim437; tedim445; tedim447; tedim449; tedim451; tedim453; tedim455; tedim463; tedim465; tedim467; tedim469; tedim471; tedim473; tedim477; tedim479; tedim487; tedim489; tedim491; tedim493; tedim495; tedim497; tedim503; tedim505; tedim507; tedim509; tedim515; tedim517; tedim519; tedim521; tedim529; tedim531; tedim533; tedim535; tedim548; tedim550; tedim552; tedim555; tedim557; tedim559; tedim571; tedim573; tedim575; tedim577; tedim583; tedim585; tedim587; tedim589; tedim597; tedim599; tedim601; tedim603; tedim613; tedim615; tedim617; tedim619; tedim621; tedim623; tedim625; tedim627; tedim637; tedim639; tedim641; tedim643; tedim645; tedim647; tedim649; tedim651; tedim657; tedim659; tedim661; tedim663; tedim677; tedim679; tedim681; tedim683; tedim685; tedim687; tedim689; tedim691; tedim693; tedim695; tedim697; tedim699; tedim709; tedim711; tedim713; tedim715; tedim717; tedim719; tedim721; tedim723; tedim733; tedim735; tedim737; tedim739; tedim741; tedim743; tedim745; tedim747,tedim
